Workbook

Sheet DIÁRIAS
A1: COLABORADOR | C1: CRISTIANO MATIAS DA SILVA | H1: COLABORADOR | J1: EDNILSON BERNARDO DA SILVA | O1: COLABORADOR | Q1: JOSE CARLOS MONTELES CARVALHO | V1: COLABORADOR | X1: LUCAS HENRIQUE ALBERNAZ | AC1: COLABORADOR | AE1: ROGER ARMANDO SEQUERA RIVAS | AJ1: COLABORADOR | AL1: VITOR HUGO BRAGA | AQ1: COLABORADOR | AS1: DAVI FERREIRA DA SILVA | AX1: COLABORADOR | AZ1: VINICIUS OLIVEIRA COSTA ROMANO | BE1: COLABORADOR | BG1: ABEL BARGE | BL1: COLABORADOR | BN1: PEDRO EDNEI BATISTA PEREIRA | BS1: COLABORADOR | BU1: MAICON WILLIAN | BZ1: COLABORADOR | CB1: FABRICIO FERREIRA DA SILVA | CG1: COLABORADOR | CI1: MURILO CAIQUE DE LIMA CECIM | CN1: COLABORADOR | CP1: PAULO CESAR BITENCOURT DE SOUSA | CS1: 180 | CU1: COLABORADOR | CW1: LEONARDO OLIVEIRA SANTOS | DB1: COLABORADOR | DD1: MATHEUS ANTONIO BARBOSA DOS SANTOS | DI1: COLABORADOR | DK1: RENAN ANDLER ARAÚJO SIMEÃO | DP1: COLABORADOR | DR1: MARCOS VINICIUS BARBOSA CARDOSO | DW1: COLABORADOR | DY1: JOSUÉ DIAS DE ANDRADE
A3: DATA | B3: DIA DA SEMANA | C3: CENTRO DE CUSTO | D3: $ DIÁRIA | E3: $ VT | F3: $ VA | H3: DATA | I3: DIA DA SEMANA | J3: CENTRO DE CUSTO | K3: $ DIÁRIA | L3: $ VT | M3: $ VA | O3: DATA | P3: DIA DA SEMANA | Q3: CENTRO DE CUSTO | R3: $ DIÁRIA | S3: $ VT | T3: $ VA | V3: DATA | W3: DIA DA SEMANA | X3: CENTRO DE CUSTO | Y3: $ DIÁRIA | Z3: $ VT | AA3: $ VA | AC3: DATA | AD3: DIA DA SEMANA | AE3: CENTRO DE CUSTO | AF3: $ DIÁRIA | AG3: $ VT | AH3: $ VA | AJ3: DATA | AK3: DIA DA SEMANA | AL3: CENTRO DE CUSTO | AM3: $ DIÁRIA | AN3: $ VT | AO3: $ VA | AQ3: DATA | AR3: DIA DA SEMANA | AS3: CENTRO DE CUSTO | AT3: $ DIÁRIA | AU3: $ VT | AV3: $ VA | AX3: DATA | AY3: DIA DA SEMANA | AZ3: CENTRO DE CUSTO | BA3: $ DIÁRIA | BB3: $ VT | BC3: $ VA | BE3: DATA | BF3: DIA DA SEMANA | BG3: CENTRO DE CUSTO | BH3: $ DIÁRIA | BI3: $ VT | BJ3: $ VA | BL3: DATA | BM3: DIA DA SEMANA | BN3: CENTRO DE CUSTO | BO3: $ DIÁRIA | BP3: $ VT | BQ3: $ VA | BS3: DATA | BT3: DIA DA SEMANA | BU3: CENTRO DE CUSTO | BV3: $ DIÁRIA | BW3: $ VT | BX3: $ VA | BZ3: DATA | CA3: DIA DA SEMANA | CB3: CENTRO DE CUSTO | CC3: $ DIÁRIA | CD3: $ VT | CE3: $ VA | CG3: DATA | CH3: DIA DA SEMANA | CI3: CENTRO DE CUSTO | CJ3: $ DIÁRIA | CK3: $ VT | CL3: $ VA | CN3: DATA | CO3: DIA DA SEMANA | CP3: CENTRO DE CUSTO | CQ3: $ DIÁRIA | CR3: $ VT | CS3: $ VA | CU3: DATA | CV3: DIA DA SEMANA | CW3: CENTRO DE CUSTO | CX3: $ DIÁRIA | CY3: $ VT | CZ3: $ VA | DB3: DATA | DC3: DIA DA SEMANA | DD3: CENTRO DE CUSTO | DE3: $ DIÁRIA | DF3: $ VT | DG3: $ VA | DI3: DATA | DJ3: DIA DA SEMANA | DK3: CENTRO DE CUSTO | DL3: $ DIÁRIA | DM3: $ VT | DN3: $ VA | DP3: DATA | DQ3: DIA DA SEMANA | DR3: CENTRO DE CUSTO | DS3: $ DIÁRIA | DT3: $ VT | DU3: $ VA | DW3: DATA | DX3: DIA DA SEMANA | DY3: CENTRO DE CUSTO | DZ3: $ DIÁRIA | EA3: $ VT | EB3: $ VA
A4: 46023 | B4: QUINTA-FEIRA | C4: FERIADO | H4: 46023 | I4: QUINTA-FEIRA | J4: FERIADO | O4: 46023 | P4: QUINTA-FEIRA | Q4: FERIADO | V4: 46023 | W4: QUINTA-FEIRA | X4: FERIADO | AC4: 46023 | AD4: QUINTA-FEIRA | AE4: FERIADO | AJ4: 46023 | AK4: QUINTA-FEIRA | AL4: FERIADO | AQ4: 46023 | AR4: QUINTA-FEIRA | AS4: FERIADO | AX4: 46023 | AY4: QUINTA-FEIRA | AZ4: FERIADO | BE4: 46023 | BF4: QUINTA-FEIRA | BG4: FERIADO | BL4: 46023 | BM4: QUINTA-FEIRA | BN4: FERIADO | BS4: 46023 | BT4: QUINTA-FEIRA | BU4: FERIADO | BZ4: 46023 | CA4: QUINTA-FEIRA | CG4: 46023 | CH4: QUINTA-FEIRA | CN4: 46023 | CO4: QUINTA-FEIRA | CU4: 46023 | CV4: QUINTA-FEIRA | DB4: 46023 | DC4: QUINTA-FEIRA | DI4: 46023 | DJ4: QUINTA-FEIRA | DP4: 46023 | DQ4: QUINTA-FEIRA | DW4: 46023 | DX4: QUINTA-FEIRA
A5: 46024 | B5: SEXTA-FEIRA | C5: GESPI - REFEITORIO | D5: 180 | E5: 15 | F5: 19 | H5: 46024 | I5: SEXTA-FEIRA | J5: GESPI - REFEITORIO | K5: 250 | L5: 20.5 | M5: 0 | O5: 46024 | P5: SEXTA-FEIRA | Q5: DESCANSO | V5: 46024 | W5: SEXTA-FEIRA | X5: DESCANSO | AC5: 46024 | AD5: SEXTA-FEIRA | AE5: DESCANSO | AJ5: 46024 | AK5: SEXTA-FEIRA | AL5: DESCANSO | AQ5: 46024 | AR5: SEXTA-FEIRA | AS5: GESPI - REFEITORIO | AT5: 100 | AU5: 12 | AV5: 0 | AX5: 46024 | AY5: SEXTA-FEIRA | AZ5: DESCANSO | BE5: 46024 | BF5: SEXTA-FEIRA | BL5: 46024 | BM5: SEXTA-FEIRA | BN5: GESPI - REFEITORIO | BO5: 100 | BP5: 12 | BQ5: 0 | BS5: 46024 | BT5: SEXTA-FEIRA | BU5: GESPI - REFEITORIO | BV5: 100 | BW5: 12 | BX5: 0 | BZ5: 46024 | CA5: SEXTA-FEIRA | CG5: 46024 | CH5: SEXTA-FEIRA | CN5: 46024 | CO5: SEXTA-FEIRA | CU5: 46024 | CV5: SEXTA-FEIRA | DB5: 46024 | DC5: SEXTA-FEIRA | DI5: 46024 | DJ5: SEXTA-FEIRA | DP5: 46024 | DQ5: SEXTA-FEIRA | DW5: 46024 | DX5: SEXTA-FEIRA
A6: 46025 | B6: SÁBADO | C6: GESPI - REFEITORIO | D6: 180 | E6: 15 | F6: 19 | H6: 46025 | I6: SÁBADO | J6: GESPI - REFEITORIO | K6: 250 | L6: 20.5 | M6: 0 | O6: 46025 | P6: SÁBADO | V6: 46025 | W6: SÁBADO | AC6: 46025 | AD6: SÁBADO | AJ6: 46025 | AK6: SÁBADO | AQ6: 46025 | AR6: SÁBADO | AX6: 46025 | AY6: SÁBADO | BE6: 46025 | BF6: SÁBADO | BL6: 46025 | BM6: SÁBADO | BN6: GESPI - REFEITORIO | BO6: 100 | BP6: 12 | BQ6: 0 | BS6: 46025 | BT6: SÁBADO | BZ6: 46025 | CA6: SÁBADO | CG6: 46025 | CH6: SÁBADO | CN6: 46025 | CO6: SÁBADO | CU6: 46025 | CV6: SÁBADO | DB6: 46025 | DC6: SÁBADO | DI6: 46025 | DJ6: SÁBADO | DP6: 46025 | DQ6: SÁBADO | DW6: 46025 | DX6: SÁBADO
A7: 46026 | B7: DOMINGO | H7: 46026 | I7: DOMINGO | O7: 46026 | P7: DOMINGO | V7: 46026 | W7: DOMINGO | AC7: 46026 | AD7: DOMINGO | AJ7: 46026 | AK7: DOMINGO | AQ7: 46026 | AR7: DOMINGO | AX7: 46026 | AY7: DOMINGO | BE7: 46026 | BF7: DOMINGO | BL7: 46026 | BM7: DOMINGO | BS7: 46026 | BT7: DOMINGO | BZ7: 46026 | CA7: DOMINGO | CG7: 46026 | CH7: DOMINGO | CN7: 46026 | CO7: DOMINGO | CU7: 46026 | CV7: DOMINGO | DB7: 46026 | DC7: DOMINGO | DI7: 46026 | DJ7: DOMINGO | DP7: 46026 | DQ7: DOMINGO | DW7: 46026 | DX7: DOMINGO
A8: 46027 | B8: SEGUNDA-FEIRA | C8: GESPI - REFEITORIO | D8: 180 | E8: 15 | F8: 19 | H8: 46027 | I8: SEGUNDA-FEIRA | J8: GESPI - REFEITORIO | K8: 250 | L8: 20.5 | M8: 0 | O8: 46027 | P8: SEGUNDA-FEIRA | Q8: FALTOU | V8: 46027 | W8: SEGUNDA-FEIRA | X8: GATTAI - ROBSON | Y8: 120 | Z8: 0 | AA8: 0 | AC8: 46027 | AD8: SEGUNDA-FEIRA | AE8: GATTAI - ROBSON | AF8: 180 | AG8: 0 | AH8: 0 | AJ8: 46027 | AK8: SEGUNDA-FEIRA | AL8: GATTAI - ROBSON | AM8: 250 | AN8: 0 | AO8: 0 | AQ8: 46027 | AR8: SEGUNDA-FEIRA | AS8: GESPI - REFEITORIO | AT8: 100 | AU8: 12 | AV8: 0 | AX8: 46027 | AY8: SEGUNDA-FEIRA | AZ8: GATTAI - ROBSON | BA8: 120 | BB8: 0 | BC8: 0 | BE8: 46027 | BF8: SEGUNDA-FEIRA | BG8: DESCANSO | BL8: 46027 | BM8: SEGUNDA-FEIRA | BN8: GESPI - REFEITORIO | BO8: 100 | BP8: 12 | BQ8: 0 | BS8: 46027 | BT8: SEGUNDA-FEIRA | BU8: GESPI - REFEITORIO | BV8: 100 | BW8: 12 | BX8: 0 | BZ8: 46027 | CA8: SEGUNDA-FEIRA | CG8: 46027 | CH8: SEGUNDA-FEIRA | CN8: 46027 | CO8: SEGUNDA-FEIRA | CU8: 46027 | CV8: SEGUNDA-FEIRA | DB8: 46027 | DC8: SEGUNDA-FEIRA | DI8: 46027 | DJ8: SEGUNDA-FEIRA | DP8: 46027 | DQ8: SEGUNDA-FEIRA | DW8: 46027 | DX8: SEGUNDA-FEIRA
A9: 46028 | B9: TERÇA-FEIRA | C9: GESPI - REFEITORIO | D9: 180 | E9: 15 | F9: 19 | H9: 46028 | I9: TERÇA-FEIRA | J9: GESPI - REFEITORIO | K9: 250 | L9: 20.5 | M9: 0 | O9: 46028 | P9: TERÇA-FEIRA | V9: 46028 | W9: TERÇA-FEIRA | X9: GATTAI - ROBSON | Y9: 120 | Z9: 0 | AA9: 0 | AC9: 46028 | AD9: TERÇA-FEIRA | AE9: GATTAI - ROBSON | AF9: 180 | AG9: 0 | AH9: 0 | AJ9: 46028 | AK9: TERÇA-FEIRA | AL9: GATTAI - ROBSON | AM9: 250 | AN9: 0 | AO9: 0 | AQ9: 46028 | AR9: TERÇA-FEIRA | AS9: GESPI - REFEITORIO | AT9: 100 | AU9: 12 | AV9: 0 | AX9: 46028 | AY9: TERÇA-FEIRA | AZ9: GATTAI - ROBSON | BA9: 120 | BB9: 0 | BC9: 0 | BE9: 46028 | BF9: TERÇA-FEIRA | BG9: DESCANSO | BL9: 46028 | BM9: TERÇA-FEIRA | BN9: GESPI - REFEITORIO | BO9: 100 | BP9: 12 | BQ9: 0 | BS9: 46028 | BT9: TERÇA-FEIRA | BU9: FALTOU | BZ9: 46028 | CA9: TERÇA-FEIRA | CG9: 46028 | CH9: TERÇA-FEIRA | CN9: 46028 | CO9: TERÇA-FEIRA | CU9: 46028 | CV9: TERÇA-FEIRA | DB9: 46028 | DC9: TERÇA-FEIRA | DI9: 46028 | DJ9: TERÇA-FEIRA | DP9: 46028 | DQ9: TERÇA-FEIRA | DW9: 46028 | DX9: TERÇA-FEIRA
A10: 46029 | B10: QUARTA-FEIRA | C10: GESPI - REFEITORIO | D10: 180 | E10: 15 | F10: 19 | H10: 46029 | I10: QUARTA-FEIRA | J10: GESPI - REFEITORIO | K10: 250 | L10: 20.5 | M10: 0 | O10: 46029 | P10: QUARTA-FEIRA | V10: 46029 | W10: QUARTA-FEIRA | X10: GATTAI - ROBSON | Y10: 120 | Z10: 0 | AA10: 0 | AC10: 46029 | AD10: QUARTA-FEIRA | AE10: GATTAI - ROBSON | AF10: 180 | AG10: 0 | AH10: 0 | AJ10: 46029 | AK10: QUARTA-FEIRA | AL10: GATTAI - ROBSON | AM10: 250 | AN10: 0 | AO10: 0 | AQ10: 46029 | AR10: QUARTA-FEIRA | AS10: GESPI - REFEITORIO | AT10: 100 | AU10: 12 | AV10: 0 | AX10: 46029 | AY10: QUARTA-FEIRA | AZ10: GATTAI - ROBSON | BA10: 120 | BB10: 0 | BC10: 0 | BE10: 46029 | BF10: QUARTA-FEIRA | BG10: DESCANSO | BL10: 46029 | BM10: QUARTA-FEIRA | BN10: GESPI - REFEITORIO | BO10: 100 | BP10: 12 | BQ10: 0 | BS10: 46029 | BT10: QUARTA-FEIRA | BU10: FALTOU | BZ10: 46029 | CA10: QUARTA-FEIRA | CG10: 46029 | CH10: QUARTA-FEIRA | CN10: 46029 | CO10: QUARTA-FEIRA | CU10: 46029 | CV10: QUARTA-FEIRA | DB10: 46029 | DC10: QUARTA-FEIRA | DI10: 46029 | DJ10: QUARTA-FEIRA | DP10: 46029 | DQ10: QUARTA-FEIRA | DW10: 46029 | DX10: QUARTA-FEIRA
A11: 46030 | B11: QUINTA-FEIRA | C11: DONA GILDA | D11: 180 | E11: 15 | F11: 19 | H11: 46030 | I11: QUINTA-FEIRA | J11: GESPI - SALA DE CONTROLE | K11: 250 | L11: 20.5 | M11: 0 | O11: 46030 | P11: QUINTA-FEIRA | V11: 46030 | W11: QUINTA-FEIRA | X11: GATTAI - ROBSON | Y11: 120 | Z11: 0 | AA11: 0 | AC11: 46030 | AD11: QUINTA-FEIRA | AE11: GATTAI - ROBSON | AF11: 180 | AG11: 0 | AH11: 0 | AJ11: 46030 | AK11: QUINTA-FEIRA | AL11: GATTAI - ROBSON | AM11: 250 | AN11: 0 | AO11: 0 | AQ11: 46030 | AR11: QUINTA-FEIRA | AS11: GESPI - SALA DE CONTROLE | AT11: 100 | AU11: 12 | AV11: 0 | AX11: 46030 | AY11: QUINTA-FEIRA | AZ11: GATTAI - ROBSON | BA11: 120 | BB11: 0 | BC11: 0 | BE11: 46030 | BF11: QUINTA-FEIRA | BG11: DESCANSO | BL11: 46030 | BM11: QUINTA-FEIRA | BN11: DONA GILDA | BO11: 100 | BP11: 12 | BQ11: 0 | BS11: 46030 | BT11: QUINTA-FEIRA | BU11: FALTOU | BZ11: 46030 | CA11: QUINTA-FEIRA | CG11: 46030 | CH11: QUINTA-FEIRA | CN11: 46030 | CO11: QUINTA-FEIRA | CU11: 46030 | CV11: QUINTA-FEIRA | DB11: 46030 | DC11: QUINTA-FEIRA | DI11: 46030 | DJ11: QUINTA-FEIRA | DP11: 46030 | DQ11: QUINTA-FEIRA | DW11: 46030 | DX11: QUINTA-FEIRA
A12: 46031 | B12: SEXTA-FEIRA | C12: GESPI - SALA DE CONTROLE | D12: 180 | E12: 15 | F12: 19 | H12: 46031 | I12: SEXTA-FEIRA | J12: ANGELA CID | K12: 250 | L12: 20.5 | M12: 0 | O12: 46031 | P12: SEXTA-FEIRA | V12: 46031 | W12: SEXTA-FEIRA | X12: GATTAI - ROBSON | Y12: 120 | Z12: 0 | AA12: 0 | AC12: 46031 | AD12: SEXTA-FEIRA | AE12: GATTAI - ROBSON | AF12: 180 | AG12: 0 | AH12: 0 | AJ12: 46031 | AK12: SEXTA-FEIRA | AL12: GATTAI - ROBSON | AM12: 250 | AN12: 0 | AO12: 0 | AQ12: 46031 | AR12: SEXTA-FEIRA | AS12: ANGELA CID | AT12: 100 | AU12: 12 | AV12: 0 | AX12: 46031 | AY12: SEXTA-FEIRA | AZ12: GATTAI - ROBSON | BA12: 120 | BB12: 0 | BC12: 0 | BE12: 46031 | BF12: SEXTA-FEIRA | BG12: DESCANSO | BL12: 46031 | BM12: SEXTA-FEIRA | BN12: GESPI - SALA DE CONTROLE | BO12: 100 | BP12: 12 | BQ12: 0 | BS12: 46031 | BT12: SEXTA-FEIRA | BU12: FALTOU | BZ12: 46031 | CA12: SEXTA-FEIRA | CG12: 46031 | CH12: SEXTA-FEIRA | CN12: 46031 | CO12: SEXTA-FEIRA | CU12: 46031 | CV12: SEXTA-FEIRA | DB12: 46031 | DC12: SEXTA-FEIRA | DI12: 46031 | DJ12: SEXTA-FEIRA | DP12: 46031 | DQ12: SEXTA-FEIRA | DW12: 46031 | DX12: SEXTA-FEIRA
A13: 46032 | B13: SÁBADO | H13: 46032 | I13: SÁBADO | O13: 46032 | P13: SÁBADO | V13: 46032 | W13: SÁBADO | AC13: 46032 | AD13: SÁBADO | AJ13: 46032 | AK13: SÁBADO | AQ13: 46032 | AR13: SÁBADO | AX13: 46032 | AY13: SÁBADO | BE13: 46032 | BF13: SÁBADO | BL13: 46032 | BM13: SÁBADO | BS13: 46032 | BT13: SÁBADO | BZ13: 46032 | CA13: SÁBADO | CG13: 46032 | CH13: SÁBADO | CN13: 46032 | CO13: SÁBADO | CU13: 46032 | CV13: SÁBADO | DB13: 46032 | DC13: SÁBADO | DI13: 46032 | DJ13: SÁBADO | DP13: 46032 | DQ13: SÁBADO | DW13: 46032 | DX13: SÁBADO
A14: 46033 | B14: DOMINGO | H14: 46033 | I14: DOMINGO | O14: 46033 | P14: DOMINGO | V14: 46033 | W14: DOMINGO | AC14: 46033 | AD14: DOMINGO | AJ14: 46033 | AK14: DOMINGO | AQ14: 46033 | AR14: DOMINGO | AX14: 46033 | AY14: DOMINGO | BE14: 46033 | BF14: DOMINGO | BL14: 46033 | BM14: DOMINGO | BS14: 46033 | BT14: DOMINGO | BZ14: 46033 | CA14: DOMINGO | CG14: 46033 | CH14: DOMINGO | CN14: 46033 | CO14: DOMINGO | CU14: 46033 | CV14: DOMINGO | DB14: 46033 | DC14: DOMINGO | DI14: 46033 | DJ14: DOMINGO | DP14: 46033 | DQ14: DOMINGO | DW14: 46033 | DX14: DOMINGO
A15: 46034 | B15: SEGUNDA-FEIRA | C15: FALTOU | H15: 46034 | I15: SEGUNDA-FEIRA | J15: GESPI - SALA DE CONTROLE | K15: 250 | L15: 20.5 | M15: 0 | O15: 46034 | P15: SEGUNDA-FEIRA | V15: 46034 | W15: SEGUNDA-FEIRA | X15: GESPI - SALA DE CONTROLE | Y15: 100 | Z15: 12.6 | AA15: 0 | AC15: 46034 | AD15: SEGUNDA-FEIRA | AE15: GESPI - SALA DE CONTROLE | AF15: 160 | AG15: 12 | AH15: 0 | AJ15: 46034 | AK15: SEGUNDA-FEIRA | AL15: GESPI - SALA DE CONTROLE | AM15: 250 | AN15: 12 | AO15: 0 | AQ15: 46034 | AR15: SEGUNDA-FEIRA | AS15: FALTOU | AX15: 46034 | AY15: SEGUNDA-FEIRA | AZ15: GESPI - SALA DE CONTROLE | BA15: 100 | BB15: 0 | BC15: 0 | BE15: 46034 | BF15: SEGUNDA-FEIRA | BL15: 46034 | BM15: SEGUNDA-FEIRA | BN15: GESPI - REFEITORIO | BO15: 100 | BP15: 12 | BQ15: 0 | BS15: 46034 | BT15: SEGUNDA-FEIRA | BU15: FALTOU | BZ15: 46034 | CA15: SEGUNDA-FEIRA | CG15: 46034 | CH15: SEGUNDA-FEIRA | CN15: 46034 | CO15: SEGUNDA-FEIRA | CU15: 46034 | CV15: SEGUNDA-FEIRA | DB15: 46034 | DC15: SEGUNDA-FEIRA | DI15: 46034 | DJ15: SEGUNDA-FEIRA | DP15: 46034 | DQ15: SEGUNDA-FEIRA | DW15: 46034 | DX15: SEGUNDA-FEIRA
A16: 46035 | B16: TERÇA-FEIRA | C16: GESPI - REFEITORIO | D16: 180 | E16: 15 | F16: 19 | H16: 46035 | I16: TERÇA-FEIRA | J16: GESPI - REFEITORIO | K16: 250 | L16: 20.5 | M16: 0 | O16: 46035 | P16: TERÇA-FEIRA | V16: 46035 | W16: TERÇA-FEIRA | X16: GESPI - REFEITORIO | Y16: 100 | Z16: 12.6 | AA16: 0 | AC16: 46035 | AD16: TERÇA-FEIRA | AE16: GESPI - REFEITORIO | AF16: 160 | AG16: 12 | AH16: 0 | AJ16: 46035 | AK16: TERÇA-FEIRA | AL16: DESCANSO | AM16: 250 | AQ16: 46035 | AR16: TERÇA-FEIRA | AS16: GESPI - REFEITORIO | AT16: 100 | AU16: 12 | AV16: 0 | AX16: 46035 | AY16: TERÇA-FEIRA | AZ16: GESPI - REFEITORIO | BA16: 100 | BB16: 0 | BC16: 0 | BE16: 46035 | BF16: TERÇA-FEIRA | BL16: 46035 | BM16: TERÇA-FEIRA | BN16: DESCANSO | BS16: 46035 | BT16: TERÇA-FEIRA | BZ16: 46035 | CA16: TERÇA-FEIRA | CG16: 46035 | CH16: TERÇA-FEIRA | CN16: 46035 | CO16: TERÇA-FEIRA | CU16: 46035 | CV16: TERÇA-FEIRA | DB16: 46035 | DC16: TERÇA-FEIRA | DI16: 46035 | DJ16: TERÇA-FEIRA | DP16: 46035 | DQ16: TERÇA-FEIRA | DW16: 46035 | DX16: TERÇA-FEIRA
A17: 46036 | B17: QUARTA-FEIRA | C17: GESPI - REFEITORIO | D17: 180 | E17: 15 | F17: 19 | H17: 46036 | I17: QUARTA-FEIRA | J17: GESPI - REFEITORIO | K17: 250 | L17: 20.5 | M17: 0 | O17: 46036 | P17: QUARTA-FEIRA | V17: 46036 | W17: QUARTA-FEIRA | X17: ANGELA CID | Y17: 100 | Z17: 12.6 | AA17: 0 | AC17: 46036 | AD17: QUARTA-FEIRA | AE17: GESPI - REFEITORIO | AF17: 160 | AG17: 12 | AH17: 0 | AJ17: 46036 | AK17: QUARTA-FEIRA | AL17: ANGELA CID | AM17: 250 | AN17: 12 | AO17: 0 | AQ17: 46036 | AR17: QUARTA-FEIRA | AS17: GESPI - REFEITORIO | AT17: 100 | AU17: 12 | AV17: 0 | AX17: 46036 | AY17: QUARTA-FEIRA | AZ17: ANGELA CID | BA17: 100 | BB17: 6 | BC17: 0 | BE17: 46036 | BF17: QUARTA-FEIRA | BG17: ANGELA CID | BL17: 46036 | BM17: QUARTA-FEIRA | BN17: GESPI - REFEITORIO | BO17: 100 | BP17: 12 | BQ17: 0 | BS17: 46036 | BT17: QUARTA-FEIRA | BZ17: 46036 | CA17: QUARTA-FEIRA | CB17: ANGELA CID | CC17: 100 | CD17: 12 | CE17: 0 | CG17: 46036 | CH17: QUARTA-FEIRA | CN17: 46036 | CO17: QUARTA-FEIRA | CU17: 46036 | CV17: QUARTA-FEIRA | DB17: 46036 | DC17: QUARTA-FEIRA | DI17: 46036 | DJ17: QUARTA-FEIRA | DP17: 46036 | DQ17: QUARTA-FEIRA | DW17: 46036 | DX17: QUARTA-FEIRA
A18: 46037 | B18: QUINTA-FEIRA | C18: GESPI - REFEITORIO | D18: 180 | E18: 15 | F18: 19 | H18: 46037 | I18: QUINTA-FEIRA | J18: LARISSA BERLATO | K18: 250 | L18: 20.5 | M18: 0 | O18: 46037 | P18: QUINTA-FEIRA | V18: 46037 | W18: QUINTA-FEIRA | X18: ANGELA CID | Y18: 100 | Z18: 12.6 | AA18: 0 | AC18: 46037 | AD18: QUINTA-FEIRA | AE18: GESPI - REFEITORIO | AF18: 160 | AG18: 12 | AH18: 0 | AJ18: 46037 | AK18: QUINTA-FEIRA | AL18: ANGELA CID | AM18: 250 | AN18: 12 | AO18: 0 | AQ18: 46037 | AR18: QUINTA-FEIRA | AS18: LARISSA BERLATO | AT18: 100 | AU18: 12 | AV18: 0 | AX18: 46037 | AY18: QUINTA-FEIRA | AZ18: ANGELA CID | BA18: 100 | BB18: 12 | BC18: 0 | BE18: 46037 | BF18: QUINTA-FEIRA | BG18: ANGELA CID | BL18: 46037 | BM18: QUINTA-FEIRA | BN18: GESPI - REFEITORIO | BO18: 100 | BP18: 12 | BQ18: 0 | BS18: 46037 | BT18: QUINTA-FEIRA | BZ18: 46037 | CA18: QUINTA-FEIRA | CB18: ANGELA CID | CC18: 100 | CD18: 12 | CE18: 0 | CG18: 46037 | CH18: QUINTA-FEIRA | CN18: 46037 | CO18: QUINTA-FEIRA | CU18: 46037 | CV18: QUINTA-FEIRA | DB18: 46037 | DC18: QUINTA-FEIRA | DI18: 46037 | DJ18: QUINTA-FEIRA | DP18: 46037 | DQ18: QUINTA-FEIRA | DW18: 46037 | DX18: QUINTA-FEIRA
A19: 46038 | B19: SEXTA-FEIRA | C19: GESPI - REFEITORIO | D19: 180 | E19: 15 | F19: 19 | H19: 46038 | I19: SEXTA-FEIRA | J19: LARISSA BERLATO | K19: 250 | L19: 20.5 | M19: 0 | O19: 46038 | P19: SEXTA-FEIRA | V19: 46038 | W19: SEXTA-FEIRA | X19: ANGELA CID | Y19: 100 | Z19: 12.6 | AA19: 0 | AC19: 46038 | AD19: SEXTA-FEIRA | AE19: GESPI - REFEITORIO | AF19: 160 | AG19: 12 | AH19: 0 | AJ19: 46038 | AK19: SEXTA-FEIRA | AL19: ANGELA CID | AM19: 250 | AN19: 12 | AO19: 0 | AQ19: 46038 | AR19: SEXTA-FEIRA | AS19: LARISSA BERLATO | AT19: 100 | AU19: 12 | AV19: 0 | AX19: 46038 | AY19: SEXTA-FEIRA | AZ19: ANGELA CID | BA19: 100 | BB19: 12 | BC19: 0 | BE19: 46038 | BF19: SEXTA-FEIRA | BL19: 46038 | BM19: SEXTA-FEIRA | BN19: GESPI - REFEITORIO | BO19: 100 | BP19: 12 | BQ19: 0 | BS19: 46038 | BT19: SEXTA-FEIRA | BZ19: 46038 | CA19: SEXTA-FEIRA | CB19: ANGELA CID | CC19: 100 | CD19: 12 | CE19: 0 | CG19: 46038 | CH19: SEXTA-FEIRA | CN19: 46038 | CO19: SEXTA-FEIRA | CU19: 46038 | CV19: SEXTA-FEIRA | DB19: 46038 | DC19: SEXTA-FEIRA | DI19: 46038 | DJ19: SEXTA-FEIRA | DP19: 46038 | DQ19: SEXTA-FEIRA | DW19: 46038 | DX19: SEXTA-FEIRA
A20: 46039 | B20: SÁBADO | H20: 46039 | I20: SÁBADO | O20: 46039 | P20: SÁBADO | V20: 46039 | W20: SÁBADO | AC20: 46039 | AD20: SÁBADO | AJ20: 46039 | AK20: SÁBADO | AQ20: 46039 | AR20: SÁBADO | AX20: 46039 | AY20: SÁBADO | BE20: 46039 | BF20: SÁBADO | BL20: 46039 | BM20: SÁBADO | BS20: 46039 | BT20: SÁBADO | BZ20: 46039 | CA20: SÁBADO | CG20: 46039 | CH20: SÁBADO | CN20: 46039 | CO20: SÁBADO | CU20: 46039 | CV20: SÁBADO | DB20: 46039 | DC20: SÁBADO | DI20: 46039 | DJ20: SÁBADO | DP20: 46039 | DQ20: SÁBADO | DW20: 46039 | DX20: SÁBADO
A21: 46040 | B21: DOMINGO | H21: 46040 | I21: DOMINGO | O21: 46040 | P21: DOMINGO | V21: 46040 | W21: DOMINGO | AC21: 46040 | AD21: DOMINGO | AJ21: 46040 | AK21: DOMINGO | AQ21: 46040 | AR21: DOMINGO | AX21: 46040 | AY21: DOMINGO | BE21: 46040 | BF21: DOMINGO | BL21: 46040 | BM21: DOMINGO | BS21: 46040 | BT21: DOMINGO | BZ21: 46040 | CA21: DOMINGO | CG21: 46040 | CH21: DOMINGO | CN21: 46040 | CO21: DOMINGO | CU21: 46040 | CV21: DOMINGO | DB21: 46040 | DC21: DOMINGO | DI21: 46040 | DJ21: DOMINGO | DP21: 46040 | DQ21: DOMINGO | DW21: 46040 | DX21: DOMINGO
A22: 46041 | B22: SEGUNDA-FEIRA | C22: GESPI - REFEITORIO | D22: 180 | E22: 15 | F22: 19 | H22: 46041 | I22: SEGUNDA-FEIRA | J22: GESPI - REFEITORIO | K22: 250 | L22: 20.5 | M22: 0 | O22: 46041 | P22: SEGUNDA-FEIRA | V22: 46041 | W22: SEGUNDA-FEIRA | X22: ANGELA CID | Y22: 100 | Z22: 12.6 | AA22: 0 | AC22: 46041 | AD22: SEGUNDA-FEIRA | AE22: GESPI - REFEITORIO | AF22: 160 | AG22: 12 | AH22: 0 | AJ22: 46041 | AK22: SEGUNDA-FEIRA | AL22: ANGELA CID | AM22: 250 | AN22: 12 | AO22: 0 | AQ22: 46041 | AR22: SEGUNDA-FEIRA | AS22: GESPI - REFEITORIO | AT22: 100 | AU22: 12 | AV22: 0 | AX22: 46041 | AY22: SEGUNDA-FEIRA | AZ22: ANGELA CID | BA22: 100 | BB22: 12 | BC22: 0 | BE22: 46041 | BF22: SEGUNDA-FEIRA | BL22: 46041 | BM22: SEGUNDA-FEIRA | BN22: GESPI - REFEITORIO | BO22: 100 | BP22: 12 | BQ22: 0 | BS22: 46041 | BT22: SEGUNDA-FEIRA | BZ22: 46041 | CA22: SEGUNDA-FEIRA | CB22: ANGELA CID | CC22: 100 | CD22: 12 | CE22: 0 | CG22: 46041 | CH22: SEGUNDA-FEIRA | CI22: GESPI - REFEITORIO | CJ22: 100 | CK22: 12 | CL22: 0 | CN22: 46041 | CO22: SEGUNDA-FEIRA | CU22: 46041 | CV22: SEGUNDA-FEIRA | DB22: 46041 | DC22: SEGUNDA-FEIRA | DI22: 46041 | DJ22: SEGUNDA-FEIRA | DP22: 46041 | DQ22: SEGUNDA-FEIRA | DW22: 46041 | DX22: SEGUNDA-FEIRA
A23: 46042 | B23: TERÇA-FEIRA | C23: GESPI - REFEITORIO | D23: 180 | E23: 15 | F23: 19 | H23: 46042 | I23: TERÇA-FEIRA | J23: GESPI - REFEITORIO | K23: 250 | L23: 20.5 | M23: 0 | O23: 46042 | P23: TERÇA-FEIRA | V23: 46042 | W23: TERÇA-FEIRA | X23: ANGELA CID | Y23: 100 | Z23: 12.6 | AA23: 0 | AC23: 46042 | AD23: TERÇA-FEIRA | AE23: GESPI - REFEITORIO | AF23: 160 | AG23: 12 | AH23: 0 | AJ23: 46042 | AK23: TERÇA-FEIRA | AL23: ANGELA CID | AM23: 250 | AN23: 12 | AO23: 0 | AQ23: 46042 | AR23: TERÇA-FEIRA | AS23: GESPI - REFEITORIO | AT23: 100 | AU23: 12 | AV23: 0 | AX23: 46042 | AY23: TERÇA-FEIRA | AZ23: ANGELA CID | BA23: 100 | BB23: 12 | BC23: 0 | BE23: 46042 | BF23: TERÇA-FEIRA | BL23: 46042 | BM23: TERÇA-FEIRA | BN23: GESPI - REFEITORIO | BO23: 100 | BP23: 12 | BQ23: 0 | BS23: 46042 | BT23: TERÇA-FEIRA | BZ23: 46042 | CA23: TERÇA-FEIRA | CB23: ANGELA CID | CC23: 100 | CD23: 12 | CE23: 0 | CG23: 46042 | CH23: TERÇA-FEIRA | CI23: GESPI - REFEITORIO | CJ23: 100 | CK23: 12 | CL23: 0 | CN23: 46042 | CO23: TERÇA-FEIRA | CU23: 46042 | CV23: TERÇA-FEIRA | DB23: 46042 | DC23: TERÇA-FEIRA | DI23: 46042 | DJ23: TERÇA-FEIRA | DP23: 46042 | DQ23: TERÇA-FEIRA | DW23: 46042 | DX23: TERÇA-FEIRA
A24: 46043 | B24: QUARTA-FEIRA | C24: GESPI - REFEITORIO | D24: 180 | E24: 15 | F24: 19 | H24: 46043 | I24: QUARTA-FEIRA | J24: GESPI - REFEITORIO | K24: 250 | L24: 20.5 | M24: 0 | O24: 46043 | P24: QUARTA-FEIRA | V24: 46043 | W24: QUARTA-FEIRA | X24: CLÍNICA DGM | Y24: 100 | Z24: 12.6 | AA24: 0 | AC24: 46043 | AD24: QUARTA-FEIRA | AE24: GESPI - REFEITORIO | AF24: 160 | AG24: 12 | AH24: 0 | AJ24: 46043 | AK24: QUARTA-FEIRA | AL24: CLÍNICA DGM | AM24: 250 | AN24: 12 | AO24: 0 | AQ24: 46043 | AR24: QUARTA-FEIRA | AS24: GESPI - REFEITORIO | AT24: 100 | AU24: 12 | AV24: 0 | AX24: 46043 | AY24: QUARTA-FEIRA | AZ24: CLÍNICA DGM | BA24: 100 | BB24: 12 | BC24: 0 | BE24: 46043 | BF24: QUARTA-FEIRA | BL24: 46043 | BM24: QUARTA-FEIRA | BN24: GESPI - REFEITORIO | BO24: 100 | BP24: 12 | BQ24: 0 | BS24: 46043 | BT24: QUARTA-FEIRA | BZ24: 46043 | CA24: QUARTA-FEIRA | CB24: FALTOU | CC24: 0 | CD24: 0 | CG24: 46043 | CH24: QUARTA-FEIRA | CI24: GESPI - REFEITORIO | CJ24: 100 | CK24: 12 | CL24: 0 | CN24: 46043 | CO24: QUARTA-FEIRA | CU24: 46043 | CV24: QUARTA-FEIRA | DB24: 46043 | DC24: QUARTA-FEIRA | DI24: 46043 | DJ24: QUARTA-FEIRA | DP24: 46043 | DQ24: QUARTA-FEIRA | DW24: 46043 | DX24: QUARTA-FEIRA
A25: 46044 | B25: QUINTA-FEIRA | C25: GESPI - REFEITORIO | D25: 180 | E25: 15 | F25: 19 | H25: 46044 | I25: QUINTA-FEIRA | J25: GESPI - REFEITORIO | K25: 250 | L25: 20.5 | M25: 0 | O25: 46044 | P25: QUINTA-FEIRA | V25: 46044 | W25: QUINTA-FEIRA | X25: CLÍNICA DGM | Y25: 100 | Z25: 12.6 | AA25: 0 | AC25: 46044 | AD25: QUINTA-FEIRA | AE25: GESPI - REFEITORIO | AF25: 160 | AG25: 12 | AH25: 0 | AJ25: 46044 | AK25: QUINTA-FEIRA | AL25: CLÍNICA DGM | AM25: 250 | AN25: 12 | AO25: 0 | AQ25: 46044 | AR25: QUINTA-FEIRA | AS25: GESPI - REFEITORIO | AT25: 100 | AU25: 12 | AV25: 0 | AX25: 46044 | AY25: QUINTA-FEIRA | AZ25: CLÍNICA DGM | BA25: 100 | BB25: 12 | BC25: 0 | BE25: 46044 | BF25: QUINTA-FEIRA | BL25: 46044 | BM25: QUINTA-FEIRA | BN25: GESPI - REFEITORIO | BO25: 100 | BP25: 12 | BQ25: 0 | BS25: 46044 | BT25: QUINTA-FEIRA | BZ25: 46044 | CA25: QUINTA-FEIRA | CB25: CLÍNICA DGM | CC25: 100 | CD25: 12 | CG25: 46044 | CH25: QUINTA-FEIRA | CI25: GESPI - REFEITORIO | CJ25: 100 | CK25: 12 | CL25: 0 | CN25: 46044 | CO25: QUINTA-FEIRA | CU25: 46044 | CV25: QUINTA-FEIRA | DB25: 46044 | DC25: QUINTA-FEIRA | DI25: 46044 | DJ25: QUINTA-FEIRA | DP25: 46044 | DQ25: QUINTA-FEIRA | DW25: 46044 | DX25: QUINTA-FEIRA
A26: 46045 | B26: SEXTA-FEIRA | C26: GESPI - REFEITORIO | D26: 180 | E26: 15 | F26: 19 | H26: 46045 | I26: SEXTA-FEIRA | J26: GESPI - REFEITORIO | K26: 250 | L26: 20.5 | M26: 0 | O26: 46045 | P26: SEXTA-FEIRA | V26: 46045 | W26: SEXTA-FEIRA | X26: CLÍNICA DGM | Y26: 100 | Z26: 12.6 | AA26: 0 | AC26: 46045 | AD26: SEXTA-FEIRA | AE26: GESPI - REFEITORIO | AF26: 160 | AG26: 12 | AH26: 0 | AJ26: 46045 | AK26: SEXTA-FEIRA | AL26: CLÍNICA DGM | AM26: 250 | AN26: 12 | AO26: 0 | AQ26: 46045 | AR26: SEXTA-FEIRA | AS26: GESPI - REFEITORIO | AT26: 100 | AU26: 12 | AV26: 0 | AX26: 46045 | AY26: SEXTA-FEIRA | AZ26: CLÍNICA DGM | BA26: 100 | BB26: 12 | BC26: 0 | BE26: 46045 | BF26: SEXTA-FEIRA | BL26: 46045 | BM26: SEXTA-FEIRA | BN26: GESPI - REFEITORIO | BO26: 100 | BP26: 12 | BQ26: 0 | BS26: 46045 | BT26: SEXTA-FEIRA | BZ26: 46045 | CA26: SEXTA-FEIRA | CB26: CLÍNICA DGM | CC26: 100 | CD26: 12 | CG26: 46045 | CH26: SEXTA-FEIRA | CI26: GESPI - REFEITORIO | CJ26: 100 | CK26: 12 | CL26: 0 | CN26: 46045 | CO26: SEXTA-FEIRA | CU26: 46045 | CV26: SEXTA-FEIRA | DB26: 46045 | DC26: SEXTA-FEIRA | DI26: 46045 | DJ26: SEXTA-FEIRA | DP26: 46045 | DQ26: SEXTA-FEIRA | DW26: 46045 | DX26: SEXTA-FEIRA
A27: 46046 | B27: SÁBADO | H27: 46046 | I27: SÁBADO | O27: 46046 | P27: SÁBADO | V27: 46046 | W27: SÁBADO | AC27: 46046 | AD27: SÁBADO | AJ27: 46046 | AK27: SÁBADO | AQ27: 46046 | AR27: SÁBADO | AX27: 46046 | AY27: SÁBADO | BE27: 46046 | BF27: SÁBADO | BL27: 46046 | BM27: SÁBADO | BS27: 46046 | BT27: SÁBADO | BZ27: 46046 | CA27: SÁBADO | CG27: 46046 | CH27: SÁBADO | CN27: 46046 | CO27: SÁBADO | CU27: 46046 | CV27: SÁBADO | DB27: 46046 | DC27: SÁBADO | DI27: 46046 | DJ27: SÁBADO | DP27: 46046 | DQ27: SÁBADO | DW27: 46046 | DX27: SÁBADO
A28: 46047 | B28: DOMINGO | H28: 46047 | I28: DOMINGO | O28: 46047 | P28: DOMINGO | V28: 46047 | W28: DOMINGO | AC28: 46047 | AD28: DOMINGO | AJ28: 46047 | AK28: DOMINGO | AQ28: 46047 | AR28: DOMINGO | AX28: 46047 | AY28: DOMINGO | BE28: 46047 | BF28: DOMINGO | BL28: 46047 | BM28: DOMINGO | BS28: 46047 | BT28: DOMINGO | BZ28: 46047 | CA28: DOMINGO | CG28: 46047 | CH28: DOMINGO | CN28: 46047 | CO28: DOMINGO | CU28: 46047 | CV28: DOMINGO | DB28: 46047 | DC28: DOMINGO | DI28: 46047 | DJ28: DOMINGO | DP28: 46047 | DQ28: DOMINGO | DW28: 46047 | DX28: DOMINGO
A29: 46048 | B29: SEGUNDA-FEIRA | C29: GESPI - REFEITORIO | D29: 180 | E29: 15 | F29: 19 | H29: 46048 | I29: SEGUNDA-FEIRA | J29: GESPI - REFEITORIO | K29: 250 | L29: 20.5 | M29: 0 | O29: 46048 | P29: SEGUNDA-FEIRA | V29: 46048 | W29: SEGUNDA-FEIRA | X29: CLÍNICA DGM | Y29: 100 | Z29: 12.6 | AA29: 0 | AC29: 46048 | AD29: SEGUNDA-FEIRA | AE29: GESPI - REFEITORIO | AF29: 160 | AG29: 12 | AH29: 0 | AJ29: 46048 | AK29: SEGUNDA-FEIRA | AL29: CLÍNICA DGM | AM29: 250 | AN29: 12 | AO29: 0 | AQ29: 46048 | AR29: SEGUNDA-FEIRA | AS29: FALTOU | AX29: 46048 | AY29: SEGUNDA-FEIRA | AZ29: FALTOU | BE29: 46048 | BF29: SEGUNDA-FEIRA | BG29: CLÍNICA DGM | BL29: 46048 | BM29: SEGUNDA-FEIRA | BN29: FALTOU | BS29: 46048 | BT29: SEGUNDA-FEIRA | BZ29: 46048 | CA29: SEGUNDA-FEIRA | CB29: CLÍNICA DGM | CC29: 100 | CD29: 12 | CG29: 46048 | CH29: SEGUNDA-FEIRA | CI29: GESPI - REFEITORIO | CJ29: 100 | CK29: 12 | CL29: 0 | CN29: 46048 | CO29: SEGUNDA-FEIRA | CU29: 46048 | CV29: SEGUNDA-FEIRA | DB29: 46048 | DC29: SEGUNDA-FEIRA | DI29: 46048 | DJ29: SEGUNDA-FEIRA | DP29: 46048 | DQ29: SEGUNDA-FEIRA | DW29: 46048 | DX29: SEGUNDA-FEIRA
A30: 46049 | B30: TERÇA-FEIRA | C30: GESPI - REFEITORIO | D30: 180 | E30: 15 | F30: 19 | H30: 46049 | I30: TERÇA-FEIRA | J30: GESPI - REFEITORIO | K30: 250 | L30: 20.5 | M30: 0 | O30: 46049 | P30: TERÇA-FEIRA | V30: 46049 | W30: TERÇA-FEIRA | X30: ANGELA CID | Y30: 100 | Z30: 12.6 | AA30: 0 | AC30: 46049 | AD30: TERÇA-FEIRA | AE30: GESPI - REFEITORIO | AF30: 160 | AG30: 12 | AH30: 0 | AJ30: 46049 | AK30: TERÇA-FEIRA | AL30: ANGELA CID | AM30: 250 | AN30: 12 | AO30: 0 | AQ30: 46049 | AR30: TERÇA-FEIRA | AS30: GESPI - REFEITORIO | AT30: 100 | AU30: 12 | AV30: 0 | AX30: 46049 | AY30: TERÇA-FEIRA | AZ30: FALTOU | BE30: 46049 | BF30: TERÇA-FEIRA | BG30: ANGELA CID | BL30: 46049 | BM30: TERÇA-FEIRA | BN30: FALTOU | BS30: 46049 | BT30: TERÇA-FEIRA | BZ30: 46049 | CA30: TERÇA-FEIRA | CB30: ANGELA CID | CC30: 100 | CD30: 12 | CG30: 46049 | CH30: TERÇA-FEIRA | CI30: GESPI - REFEITORIO | CJ30: 100 | CK30: 12 | CL30: 0 | CN30: 46049 | CO30: TERÇA-FEIRA | CU30: 46049 | CV30: TERÇA-FEIRA | DB30: 46049 | DC30: TERÇA-FEIRA | DI30: 46049 | DJ30: TERÇA-FEIRA | DP30: 46049 | DQ30: TERÇA-FEIRA | DW30: 46049 | DX30: TERÇA-FEIRA
A31: 46050 | B31: QUARTA-FEIRA | C31: GESPI - REFEITORIO | D31: 180 | E31: 15 | F31: 19 | H31: 46050 | I31: QUARTA-FEIRA | J31: GESPI - REFEITORIO | K31: 250 | L31: 20.5 | M31: 0 | O31: 46050 | P31: QUARTA-FEIRA | V31: 46050 | W31: QUARTA-FEIRA | X31: ANGELA CID | Y31: 100 | Z31: 12.6 | AA31: 0 | AC31: 46050 | AD31: QUARTA-FEIRA | AE31: GESPI - REFEITORIO | AF31: 160 | AG31: 12 | AH31: 0 | AJ31: 46050 | AK31: QUARTA-FEIRA | AL31: ANGELA CID | AM31: 250 | AN31: 12 | AO31: 0 | AQ31: 46050 | AR31: QUARTA-FEIRA | AS31: GESPI - REFEITORIO | AT31: 100 | AU31: 12 | AV31: 0 | AX31: 46050 | AY31: QUARTA-FEIRA | AZ31: ANGELA CID | BA31: 100 | BB31: 12 | BC31: 0 | BE31: 46050 | BF31: QUARTA-FEIRA | BG31: ANGELA CID | BL31: 46050 | BM31: QUARTA-FEIRA | BN31: GESPI - REFEITORIO | BO31: 100 | BP31: 12 | BQ31: 0 | BS31: 46050 | BT31: QUARTA-FEIRA | BZ31: 46050 | CA31: QUARTA-FEIRA | CB31: ANGELA CID | CC31: 100 | CD31: 12 | CG31: 46050 | CH31: QUARTA-FEIRA | CI31: GESPI - REFEITORIO | CJ31: 100 | CK31: 12 | CL31: 0 | CN31: 46050 | CO31: QUARTA-FEIRA | CU31: 46050 | CV31: QUARTA-FEIRA | DB31: 46050 | DC31: QUARTA-FEIRA | DI31: 46050 | DJ31: QUARTA-FEIRA | DP31: 46050 | DQ31: QUARTA-FEIRA | DW31: 46050 | DX31: QUARTA-FEIRA
A32: 46051 | B32: QUINTA-FEIRA | C32: GESPI - REFEITORIO | D32: 180 | E32: 15 | F32: 19 | H32: 46051 | I32: QUINTA-FEIRA | J32: GESPI - REFEITORIO | K32: 250 | L32: 20.5 | M32: 0 | O32: 46051 | P32: QUINTA-FEIRA | V32: 46051 | W32: QUINTA-FEIRA | X32: ANGELA CID | Y32: 100 | Z32: 12.6 | AA32: 0 | AC32: 46051 | AD32: QUINTA-FEIRA | AE32: GESPI - REFEITORIO | AF32: 160 | AG32: 13 | AH32: 0 | AJ32: 46051 | AK32: QUINTA-FEIRA | AL32: ANGELA CID | AM32: 250 | AN32: 13 | AO32: 0 | AQ32: 46051 | AR32: QUINTA-FEIRA | AS32: GESPI - REFEITORIO | AT32: 100 | AU32: 13 | AV32: 0 | AX32: 46051 | AY32: QUINTA-FEIRA | AZ32: ANGELA CID | BA32: 100 | BB32: 13 | BC32: 0 | BE32: 46051 | BF32: QUINTA-FEIRA | BG32: ANGELA CID | BL32: 46051 | BM32: QUINTA-FEIRA | BN32: GESPI - REFEITORIO | BO32: 100 | BP32: 13 | BQ32: 0 | BS32: 46051 | BT32: QUINTA-FEIRA | BZ32: 46051 | CA32: QUINTA-FEIRA | CB32: ANGELA CID | CC32: 100 | CD32: 13 | CG32: 46051 | CH32: QUINTA-FEIRA | CI32: FALTOU | CJ32: 0 | CK32: 0 | CL32: 0 | CN32: 46051 | CO32: QUINTA-FEIRA | CU32: 46051 | CV32: QUINTA-FEIRA | DB32: 46051 | DC32: QUINTA-FEIRA | DI32: 46051 | DJ32: QUINTA-FEIRA | DP32: 46051 | DQ32: QUINTA-FEIRA | DW32: 46051 | DX32: QUINTA-FEIRA
A33: 46052 | B33: SEXTA-FEIRA | C33: GESPI - REFEITORIO | D33: 180 | E33: 15 | F33: 19 | H33: 46052 | I33: SEXTA-FEIRA | J33: GESPI - REFEITORIO | K33: 250 | L33: 20.5 | M33: 0 | O33: 46052 | P33: SEXTA-FEIRA | V33: 46052 | W33: SEXTA-FEIRA | X33: ANGELA CID | Y33: 100 | Z33: 12.6 | AA33: 0 | AC33: 46052 | AD33: SEXTA-FEIRA | AE33: GESPI - REFEITORIO | AF33: 160 | AG33: 13 | AH33: 0 | AJ33: 46052 | AK33: SEXTA-FEIRA | AL33: ANGELA CID | AM33: 250 | AN33: 13 | AO33: 0 | AQ33: 46052 | AR33: SEXTA-FEIRA | AS33: GESPI - REFEITORIO | AT33: 100 | AU33: 13 | AV33: 0 | AX33: 46052 | AY33: SEXTA-FEIRA | AZ33: ANGELA CID | BA33: 100 | BB33: 13 | BC33: 0 | BE33: 46052 | BF33: SEXTA-FEIRA | BG33: ANGELA CID | BL33: 46052 | BM33: SEXTA-FEIRA | BN33: GESPI - REFEITORIO | BO33: 100 | BP33: 13 | BQ33: 0 | BS33: 46052 | BT33: SEXTA-FEIRA | BZ33: 46052 | CA33: SEXTA-FEIRA | CB33: ANGELA CID | CC33: 100 | CD33: 13 | CG33: 46052 | CH33: SEXTA-FEIRA | CI33: GESPI - REFEITORIO | CJ33: 100 | CK33: 13 | CL33: 0 | CN33: 46052 | CO33: SEXTA-FEIRA | CU33: 46052 | CV33: SEXTA-FEIRA | DB33: 46052 | DC33: SEXTA-FEIRA | DI33: 46052 | DJ33: SEXTA-FEIRA | DP33: 46052 | DQ33: SEXTA-FEIRA | DW33: 46052 | DX33: SEXTA-FEIRA
A34: 46053 | B34: SÁBADO | C34: GESPI - REFEITORIO | D34: 180 | E34: 15 | F34: 19 | H34: 46053 | I34: SÁBADO | J34: GESPI - REFEITORIO | K34: 250 | L34: 20.5 | M34: 0 | O34: 46053 | P34: SÁBADO | V34: 46053 | W34: SÁBADO | AC34: 46053 | AD34: SÁBADO | AJ34: 46053 | AK34: SÁBADO | AQ34: 46053 | AR34: SÁBADO | AS34: GESPI - REFEITORIO | AT34: 100 | AU34: 13 | AV34: 0 | AX34: 46053 | AY34: SÁBADO | BE34: 46053 | BF34: SÁBADO | BL34: 46053 | BM34: SÁBADO | BN34: GESPI - REFEITORIO | BO34: 100 | BP34: 13 | BQ34: 0 | BS34: 46053 | BT34: SÁBADO | BZ34: 46053 | CA34: SÁBADO | CG34: 46053 | CH34: SÁBADO | CN34: 46053 | CO34: SÁBADO | CU34: 46053 | CV34: SÁBADO | DB34: 46053 | DC34: SÁBADO | DI34: 46053 | DJ34: SÁBADO | DP34: 46053 | DQ34: SÁBADO | DW34: 46053 | DX34: SÁBADO
A35: 46054 | B35: DOMINGO | C35: GESPI - REFEITORIO | D35: 180 | E35: 15 | F35: 19 | H35: 46054 | I35: DOMINGO | J35: GESPI - REFEITORIO | K35: 250 | L35: 20.5 | M35: 0 | O35: 46054 | P35: DOMINGO | V35: 46054 | W35: DOMINGO | AC35: 46054 | AD35: DOMINGO | AJ35: 46054 | AK35: DOMINGO | AQ35: 46054 | AR35: DOMINGO | AX35: 46054 | AY35: DOMINGO | BE35: 46054 | BF35: DOMINGO | BL35: 46054 | BM35: DOMINGO | BN35: GESPI - REFEITORIO | BO35: 100 | BP35: 13 | BQ35: 0 | BS35: 46054 | BT35: DOMINGO | BZ35: 46054 | CA35: DOMINGO | CG35: 46054 | CH35: DOMINGO | CN35: 46054 | CO35: DOMINGO | CU35: 46054 | CV35: DOMINGO | DB35: 46054 | DC35: DOMINGO | DI35: 46054 | DJ35: DOMINGO | DP35: 46054 | DQ35: DOMINGO | DW35: 46054 | DX35: DOMINGO
A36: 46055 | B36: SEGUNDA-FEIRA | C36: GESPI - REFEITORIO | D36: 180 | E36: 15 | F36: 19 | H36: 46055 | I36: SEGUNDA-FEIRA | J36: LARISSA BERLATO | K36: 250 | L36: 20.5 | M36: 0 | O36: 46055 | P36: SEGUNDA-FEIRA | V36: 46055 | W36: SEGUNDA-FEIRA | X36: ANGELA CID | Y36: 100 | Z36: 12.6 | AA36: 0 | AC36: 46055 | AD36: SEGUNDA-FEIRA | AE36: GESPI - REFEITORIO | AF36: 160 | AG36: 13 | AH36: 0 | AJ36: 46055 | AK36: SEGUNDA-FEIRA | AL36: ANGELA CID | AM36: 250 | AN36: 6.5 | AO36: 0 | AQ36: 46055 | AR36: SEGUNDA-FEIRA | AS36: GESPI - REFEITORIO | AT36: 100 | AU36: 13 | AV36: 0 | AX36: 46055 | AY36: SEGUNDA-FEIRA | AZ36: ANGELA CID | BA36: 100 | BB36: 13 | BC36: 0 | BE36: 46055 | BF36: SEGUNDA-FEIRA | BG36: ANGELA CID | BL36: 46055 | BM36: SEGUNDA-FEIRA | BN36: GESPI - REFEITORIO | BO36: 100 | BP36: 13 | BQ36: 0 | BS36: 46055 | BT36: SEGUNDA-FEIRA | BZ36: 46055 | CA36: SEGUNDA-FEIRA | CB36: ANGELA CID | CC36: 100 | CD36: 6.5 | CE36: 0 | CG36: 46055 | CH36: SEGUNDA-FEIRA | CI36: GESPI - REFEITORIO | CJ36: 100 | CK36: 13 | CL36: 0 | CN36: 46055 | CO36: SEGUNDA-FEIRA | CU36: 46055 | CV36: SEGUNDA-FEIRA | DB36: 46055 | DC36: SEGUNDA-FEIRA | DI36: 46055 | DJ36: SEGUNDA-FEIRA | DP36: 46055 | DQ36: SEGUNDA-FEIRA | DW36: 46055 | DX36: SEGUNDA-FEIRA
A37: 46056 | B37: TERÇA-FEIRA | C37: GESPI - REFEITORIO | D37: 180 | E37: 15 | F37: 19 | H37: 46056 | I37: TERÇA-FEIRA | J37: GESPI - REFEITORIO | K37: 250 | L37: 20.5 | M37: 0 | O37: 46056 | P37: TERÇA-FEIRA | V37: 46056 | W37: TERÇA-FEIRA | X37: ANGELA CID | Y37: 100 | Z37: 12.6 | AA37: 10 | AC37: 46056 | AD37: TERÇA-FEIRA | AE37: GESPI - REFEITORIO | AF37: 160 | AG37: 13 | AH37: 0 | AJ37: 46056 | AK37: TERÇA-FEIRA | AL37: ANGELA CID | AM37: 250 | AN37: 0 | AO37: 10 | AQ37: 46056 | AR37: TERÇA-FEIRA | AS37: GESPI - REFEITORIO | AT37: 100 | AU37: 13 | AV37: 0 | AX37: 46056 | AY37: TERÇA-FEIRA | AZ37: ANGELA CID | BA37: 100 | BB37: 13 | BC37: 10 | BE37: 46056 | BF37: TERÇA-FEIRA | BG37: ANGELA CID | BL37: 46056 | BM37: TERÇA-FEIRA | BN37: GESPI - REFEITORIO | BO37: 100 | BP37: 13 | BQ37: 0 | BS37: 46056 | BT37: TERÇA-FEIRA | BZ37: 46056 | CA37: TERÇA-FEIRA | CB37: ANGELA CID | CC37: 100 | CD37: 0 | CE37: 10 | CG37: 46056 | CH37: TERÇA-FEIRA | CI37: GESPI - REFEITORIO | CJ37: 100 | CK37: 13 | CL37: 0 | CN37: 46056 | CO37: TERÇA-FEIRA | CP37: ANGELA CID | CQ37: 135 | CR37: 13 | CS37: 10 | CU37: 46056 | CV37: TERÇA-FEIRA | DB37: 46056 | DC37: TERÇA-FEIRA | DI37: 46056 | DJ37: TERÇA-FEIRA | DP37: 46056 | DQ37: TERÇA-FEIRA | DW37: 46056 | DX37: TERÇA-FEIRA
A38: 46057 | B38: QUARTA-FEIRA | C38: GESPI - REFEITORIO | D38: 180 | E38: 15 | F38: 19 | H38: 46057 | I38: QUARTA-FEIRA | J38: GESPI - REFEITORIO | K38: 250 | L38: 20.5 | M38: 0 | O38: 46057 | P38: QUARTA-FEIRA | V38: 46057 | W38: QUARTA-FEIRA | X38: ANGELA CID | Y38: 100 | Z38: 12.6 | AA38: 10 | AC38: 46057 | AD38: QUARTA-FEIRA | AE38: GESPI - REFEITORIO | AF38: 160 | AG38: 13 | AH38: 0 | AJ38: 46057 | AK38: QUARTA-FEIRA | AL38: ANGELA CID | AM38: 250 | AN38: 0 | AO38: 10 | AQ38: 46057 | AR38: QUARTA-FEIRA | AS38: GESPI - REFEITORIO | AT38: 100 | AU38: 13 | AV38: 0 | AX38: 46057 | AY38: QUARTA-FEIRA | AZ38: ANGELA CID | BA38: 100 | BB38: 0 | BC38: 10 | BE38: 46057 | BF38: QUARTA-FEIRA | BL38: 46057 | BM38: QUARTA-FEIRA | BN38: GESPI - REFEITORIO | BO38: 100 | BP38: 13 | BQ38: 0 | BS38: 46057 | BT38: QUARTA-FEIRA | BZ38: 46057 | CA38: QUARTA-FEIRA | CB38: ANGELA CID | CC38: 100 | CD38: 0 | CE38: 10 | CG38: 46057 | CH38: QUARTA-FEIRA | CI38: GESPI - REFEITORIO | CJ38: 100 | CK38: 13 | CL38: 0 | CN38: 46057 | CO38: QUARTA-FEIRA | CP38: ANGELA CID | CQ38: 135 | CR38: 13 | CS38: 10 | CU38: 46057 | CV38: QUARTA-FEIRA | DB38: 46057 | DC38: QUARTA-FEIRA | DI38: 46057 | DJ38: QUARTA-FEIRA | DP38: 46057 | DQ38: QUARTA-FEIRA | DW38: 46057 | DX38: QUARTA-FEIRA
A39: 46058 | B39: QUINTA-FEIRA | C39: GESPI - REFEITORIO | D39: 180 | E39: 15 | F39: 19 | H39: 46058 | I39: QUINTA-FEIRA | J39: GESPI - REFEITORIO | K39: 250 | L39: 20.5 | M39: 0 | O39: 46058 | P39: QUINTA-FEIRA | V39: 46058 | W39: QUINTA-FEIRA | X39: ANGELA CID | Y39: 100 | Z39: 12.6 | AA39: 10 | AC39: 46058 | AD39: QUINTA-FEIRA | AE39: GESPI - REFEITORIO | AF39: 160 | AG39: 13 | AH39: 0 | AJ39: 46058 | AK39: QUINTA-FEIRA | AL39: ANGELA CID | AM39: 250 | AN39: 0 | AO39: 10 | AQ39: 46058 | AR39: QUINTA-FEIRA | AS39: GESPI - REFEITORIO | AT39: 100 | AU39: 13 | AV39: 0 | AX39: 46058 | AY39: QUINTA-FEIRA | AZ39: ANGELA CID | BA39: 100 | BB39: 0 | BC39: 10 | BE39: 46058 | BF39: QUINTA-FEIRA | BL39: 46058 | BM39: QUINTA-FEIRA | BN39: GESPI - REFEITORIO | BO39: 100 | BP39: 13 | BQ39: 0 | BS39: 46058 | BT39: QUINTA-FEIRA | BZ39: 46058 | CA39: QUINTA-FEIRA | CB39: ANGELA CID | CC39: 100 | CD39: 0 | CE39: 10 | CG39: 46058 | CH39: QUINTA-FEIRA | CI39: GESPI - REFEITORIO | CJ39: 100 | CK39: 13 | CL39: 0 | CN39: 46058 | CO39: QUINTA-FEIRA | CP39: ANGELA CID | CQ39: 135 | CR39: 13 | CS39: 10 | CU39: 46058 | CV39: QUINTA-FEIRA | DB39: 46058 | DC39: QUINTA-FEIRA | DI39: 46058 | DJ39: QUINTA-FEIRA | DP39: 46058 | DQ39: QUINTA-FEIRA | DW39: 46058 | DX39: QUINTA-FEIRA
A40: 46059 | B40: SEXTA-FEIRA | C40: GESPI - REFEITORIO | D40: 180 | E40: 15 | F40: 19 | H40: 46059 | I40: SEXTA-FEIRA | J40: GESPI - REFEITORIO | K40: 250 | L40: 20.5 | M40: 0 | O40: 46059 | P40: SEXTA-FEIRA | V40: 46059 | W40: SEXTA-FEIRA | X40: ANGELA CID | Y40: 120 | Z40: 12.6 | AA40: 10 | AC40: 46059 | AD40: SEXTA-FEIRA | AE40: GESPI - REFEITORIO | AF40: 180 | AG40: 13 | AH40: 0 | AJ40: 46059 | AK40: SEXTA-FEIRA | AL40: ANGELA CID | AM40: 250 | AN40: 0 | AO40: 10 | AQ40: 46059 | AR40: SEXTA-FEIRA | AS40: GESPI - REFEITORIO | AT40: 120 | AU40: 13 | AV40: 0 | AX40: 46059 | AY40: SEXTA-FEIRA | AZ40: ANGELA CID | BA40: 120 | BB40: 0 | BC40: 10 | BE40: 46059 | BF40: SEXTA-FEIRA | BL40: 46059 | BM40: SEXTA-FEIRA | BN40: GESPI - REFEITORIO | BO40: 120 | BP40: 13 | BQ40: 0 | BS40: 46059 | BT40: SEXTA-FEIRA | BZ40: 46059 | CA40: SEXTA-FEIRA | CB40: ANGELA CID | CC40: 120 | CD40: 0 | CE40: 10 | CG40: 46059 | CH40: SEXTA-FEIRA | CI40: FALTOU | CJ40: 0 | CK40: 0 | CL40: 0 | CN40: 46059 | CO40: SEXTA-FEIRA | CP40: ANGELA CID | CQ40: 135 | CR40: 13 | CS40: 10 | CU40: 46059 | CV40: SEXTA-FEIRA | DB40: 46059 | DC40: SEXTA-FEIRA | DI40: 46059 | DJ40: SEXTA-FEIRA | DP40: 46059 | DQ40: SEXTA-FEIRA | DW40: 46059 | DX40: SEXTA-FEIRA
A41: 46060 | B41: SÁBADO | C41: GESPI - REFEITORIO | D41: 180 | E41: 15 | F41: 19 | H41: 46060 | I41: SÁBADO | J41: GESPI - REFEITORIO | K41: 250 | L41: 20.5 | M41: 0 | O41: 46060 | P41: SÁBADO | V41: 46060 | W41: SÁBADO | AC41: 46060 | AD41: SÁBADO | AJ41: 46060 | AK41: SÁBADO | AQ41: 46060 | AR41: SÁBADO | AX41: 46060 | AY41: SÁBADO | BE41: 46060 | BF41: SÁBADO | BL41: 46060 | BM41: SÁBADO | BN41: GESPI - REFEITORIO | BO41: 120 | BP41: 13 | BQ41: 0 | BS41: 46060 | BT41: SÁBADO | BZ41: 46060 | CA41: SÁBADO | CG41: 46060 | CH41: SÁBADO | CN41: 46060 | CO41: SÁBADO | CP41: CLÍNICA DGM | CQ41: 135 | CR41: 13 | CS41: 0 | CU41: 46060 | CV41: SÁBADO | DB41: 46060 | DC41: SÁBADO | DI41: 46060 | DJ41: SÁBADO | DP41: 46060 | DQ41: SÁBADO | DW41: 46060 | DX41: SÁBADO
A42: 46061 | B42: DOMINGO | H42: 46061 | I42: DOMINGO | O42: 46061 | P42: DOMINGO | V42: 46061 | W42: DOMINGO | AC42: 46061 | AD42: DOMINGO | AJ42: 46061 | AK42: DOMINGO | AQ42: 46061 | AR42: DOMINGO | AX42: 46061 | AY42: DOMINGO | BE42: 46061 | BF42: DOMINGO | BL42: 46061 | BM42: DOMINGO | BS42: 46061 | BT42: DOMINGO | BZ42: 46061 | CA42: DOMINGO | CG42: 46061 | CH42: DOMINGO | CN42: 46061 | CO42: DOMINGO | CU42: 46061 | CV42: DOMINGO | DB42: 46061 | DC42: DOMINGO | DI42: 46061 | DJ42: DOMINGO | DP42: 46061 | DQ42: DOMINGO | DW42: 46061 | DX42: DOMINGO
A43: 46062 | B43: SEGUNDA-FEIRA | C43: GESPI - REFEITORIO | D43: 180 | E43: 15 | F43: 19 | H43: 46062 | I43: SEGUNDA-FEIRA | J43: GESPI - REFEITORIO | K43: 250 | L43: 20.5 | M43: 0 | O43: 46062 | P43: SEGUNDA-FEIRA | V43: 46062 | W43: SEGUNDA-FEIRA | X43: ANGELA CID | Y43: 60 | Z43: =12.6/2 -> 6.3 | AA43: 10 | AC43: 46062 | AD43: SEGUNDA-FEIRA | AE43: GESPI - REFEITORIO | AF43: 180 | AG43: 13 | AH43: 0 | AJ43: 46062 | AK43: SEGUNDA-FEIRA | AL43: ANGELA CID | AM43: 250 | AN43: 0 | AO43: 10 | AQ43: 46062 | AR43: SEGUNDA-FEIRA | AS43: FALTOU | AT43: 0 | AU43: 0 | AV43: 0 | AX43: 46062 | AY43: SEGUNDA-FEIRA | AZ43: ANGELA CID | BA43: 60 | BB43: 13 | BC43: 10 | BE43: 46062 | BF43: SEGUNDA-FEIRA | BL43: 46062 | BM43: SEGUNDA-FEIRA | BN43: GESPI - REFEITORIO | BO43: 120 | BP43: 13 | BQ43: 0 | BS43: 46062 | BT43: SEGUNDA-FEIRA | BZ43: 46062 | CA43: SEGUNDA-FEIRA | CB43: ANGELA CID | CC43: 60 | CD43: 0 | CE43: 10 | CG43: 46062 | CH43: SEGUNDA-FEIRA | CN43: 46062 | CO43: SEGUNDA-FEIRA | CP43: ANGELA CID | CQ43: 135 | CR43: 13 | CS43: 10 | CU43: 46062 | CV43: SEGUNDA-FEIRA | DB43: 46062 | DC43: SEGUNDA-FEIRA | DI43: 46062 | DJ43: SEGUNDA-FEIRA | DP43: 46062 | DQ43: SEGUNDA-FEIRA | DW43: 46062 | DX43: SEGUNDA-FEIRA
A44: 46063 | B44: TERÇA-FEIRA | C44: GESPI - REFEITORIO | D44: 180 | E44: 15 | F44: 19 | H44: 46063 | I44: TERÇA-FEIRA | J44: GESPI - REFEITORIO | K44: 250 | L44: 20.5 | M44: 0 | O44: 46063 | P44: TERÇA-FEIRA | V44: 46062 | W44: SEGUNDA-FEIRA | X44: GESPI - REFEITORIO | Y44: 60 | Z44: =12.6/2 -> 6.3 | AA44: 0 | AC44: 46063 | AD44: TERÇA-FEIRA | AE44: GESPI - REFEITORIO | AF44: 180 | AG44: 13 | AH44: 0 | AJ44: 46063 | AK44: TERÇA-FEIRA | AL44: GESPI - REFEITORIO | AM44: 250 | AN44: 0 | AO44: 0 | AQ44: 46063 | AR44: TERÇA-FEIRA | AS44: FALTOU | AT44: 0 | AU44: 0 | AV44: 0 | AX44: 46062 | AY44: SEGUNDA-FEIRA | AZ44: GESPI - REFEITORIO | BA44: 60 | BB44: =13/2 -> 6.5 | BC44: 0 | BE44: 46063 | BF44: TERÇA-FEIRA | BL44: 46063 | BM44: TERÇA-FEIRA | BN44: GESPI - REFEITORIO | BO44: 120 | BP44: 13 | BQ44: 0 | BS44: 46063 | BT44: TERÇA-FEIRA | BZ44: 46062 | CA44: SEGUNDA-FEIRA | CB44: GESPI - REFEITORIO | CC44: 60 | CD44: 0 | CE44: 0 | CG44: 46063 | CH44: TERÇA-FEIRA | CN44: 46063 | CO44: TERÇA-FEIRA | CP44: GESPI - REFEITORIO | CQ44: 135 | CR44: 13 | CS44: 0 | CU44: 46063 | CV44: TERÇA-FEIRA | DB44: 46063 | DC44: TERÇA-FEIRA | DD44: GESPI - REFEITORIO | DE44: 200 | DF44: 13 | DG44: 0 | DI44: 46063 | DJ44: TERÇA-FEIRA | DP44: 46063 | DQ44: TERÇA-FEIRA | DW44: 46063 | DX44: TERÇA-FEIRA
A45: 46064 | B45: QUARTA-FEIRA | C45: GESPI - REFEITORIO | D45: 180 | E45: 15 | F45: 19 | H45: 46064 | I45: QUARTA-FEIRA | J45: GESPI - REFEITORIO | K45: 250 | L45: 20.5 | M45: 0 | O45: 46064 | P45: QUARTA-FEIRA | V45: 46063 | W45: TERÇA-FEIRA | X45: GESPI - REFEITORIO | Y45: 120 | Z45: 12.6 | AA45: 0 | AC45: 46064 | AD45: QUARTA-FEIRA | AE45: GESPI - REFEITORIO | AF45: 180 | AG45: 13 | AH45: 0 | AJ45: 46064 | AK45: QUARTA-FEIRA | AL45: ANGELA CID | AM45: 250 | AN45: 0 | AO45: 10 | AQ45: 46064 | AR45: QUARTA-FEIRA | AS45: GESPI - REFEITORIO | AT45: 120 | AU45: 13 | AV45: 0 | AX45: 46063 | AY45: TERÇA-FEIRA | AZ45: GESPI - REFEITORIO | BA45: 120 | BB45: 13 | BC45: 0 | BE45: 46064 | BF45: QUARTA-FEIRA | BL45: 46064 | BM45: QUARTA-FEIRA | BN45: GESPI - REFEITORIO | BO45: 120 | BP45: 13 | BQ45: 0 | BS45: 46064 | BT45: QUARTA-FEIRA | BZ45: 46063 | CA45: TERÇA-FEIRA | CB45: GESPI - REFEITORIO | CC45: 120 | CD45: 0 | CE45: 0 | CG45: 46064 | CH45: QUARTA-FEIRA | CN45: 46064 | CO45: QUARTA-FEIRA | CP45: GESPI - REFEITORIO | CQ45: 135 | CR45: 13 | CS45: 0 | CU45: 46064 | CV45: QUARTA-FEIRA | CW45: ANGELA CID | CX45: 120 | CY45: 13 | CZ45: 10 | DB45: 46064 | DC45: QUARTA-FEIRA | DD45: ANGELA CID | DE45: 200 | DF45: 13 | DG45: 10 | DI45: 46064 | DJ45: QUARTA-FEIRA | DK45: ANGELA CID | DL45: 120 | DM45: 0 | DN45: 10 | DP45: 46064 | DQ45: QUARTA-FEIRA | DW45: 46064 | DX45: QUARTA-FEIRA
A46: 46065 | B46: QUINTA-FEIRA | C46: GESPI - REFEITORIO | D46: 180 | E46: 15 | F46: 19 | H46: 46065 | I46: QUINTA-FEIRA | J46: GESPI - REFEITORIO | K46: 250 | L46: 20.5 | M46: 0 | O46: 46065 | P46: QUINTA-FEIRA | V46: 46064 | W46: QUARTA-FEIRA | X46: FALTOU | Y46: 0 | Z46: 0 | AA46: 0 | AC46: 46065 | AD46: QUINTA-FEIRA | AE46: GESPI - REFEITORIO | AF46: 180 | AG46: 13 | AH46: 0 | AJ46: 46065 | AK46: QUINTA-FEIRA | AL46: ANGELA CID | AM46: 250 | AN46: 0 | AO46: 10 | AQ46: 46065 | AR46: QUINTA-FEIRA | AS46: GESPI - REFEITORIO | AT46: 120 | AU46: 13 | AV46: 0 | AX46: 46064 | AY46: QUARTA-FEIRA | AZ46: ANGELA CID | BA46: 120 | BB46: 13 | BC46: 10 | BE46: 46065 | BF46: QUINTA-FEIRA | BL46: 46065 | BM46: QUINTA-FEIRA | BN46: GESPI - REFEITORIO | BO46: 120 | BP46: 13 | BQ46: 0 | BS46: 46065 | BT46: QUINTA-FEIRA | BZ46: 46064 | CA46: QUARTA-FEIRA | CB46: ANGELA CID | CC46: 120 | CD46: 0 | CE46: 10 | CG46: 46065 | CH46: QUINTA-FEIRA | CN46: 46065 | CO46: QUINTA-FEIRA | CP46: GESPI - REFEITORIO | CQ46: 135 | CR46: 13 | CS46: 0 | CU46: 46065 | CV46: QUINTA-FEIRA | CW46: ANGELA CID | CX46: 120 | CY46: 13 | CZ46: 10 | DB46: 46065 | DC46: QUINTA-FEIRA | DD46: ANGELA CID | DE46: 200 | DF46: 13 | DG46: 10 | DI46: 46065 | DJ46: QUINTA-FEIRA | DK46: ANGELA CID | DL46: 120 | DM46: 0 | DN46: 10 | DP46: 46065 | DQ46: QUINTA-FEIRA | DW46: 46065 | DX46: QUINTA-FEIRA
A47: 46066 | B47: SEXTA-FEIRA | C47: GESPI - REFEITORIO | D47: 180 | E47: 15 | F47: 19 | H47: 46066 | I47: SEXTA-FEIRA | J47: GESPI - REFEITORIO | K47: 250 | L47: 20.5 | M47: 0 | O47: 46066 | P47: SEXTA-FEIRA | V47: 46065 | W47: QUINTA-FEIRA | X47: GESPI - REFEITORIO | Y47: 120 | Z47: 12.6 | AC47: 46066 | AD47: SEXTA-FEIRA | AE47: GESPI - REFEITORIO | AF47: 180 | AG47: 13 | AH47: 0 | AJ47: 46066 | AK47: SEXTA-FEIRA | AL47: ANGELA CID | AM47: 250 | AN47: 0 | AO47: 10 | AQ47: 46066 | AR47: SEXTA-FEIRA | AS47: FALTOU | AT47: 0 | AU47: 0 | AV47: 0 | AX47: 46065 | AY47: QUINTA-FEIRA | AZ47: ANGELA CID | BA47: 120 | BB47: 13 | BC47: 10 | BE47: 46066 | BF47: SEXTA-FEIRA | BL47: 46066 | BM47: SEXTA-FEIRA | BN47: GESPI - REFEITORIO | BO47: 120 | BP47: 13 | BQ47: 0 | BS47: 46066 | BT47: SEXTA-FEIRA | BZ47: 46065 | CA47: QUINTA-FEIRA | CB47: FALTOU | CC47: 0 | CD47: 0 | CE47: 0 | CG47: 46066 | CH47: SEXTA-FEIRA | CN47: 46066 | CO47: SEXTA-FEIRA | CP47: GESPI - REFEITORIO | CQ47: 135 | CR47: 13 | CS47: 0 | CU47: 46066 | CV47: SEXTA-FEIRA | CW47: ANGELA CID | CX47: 120 | CY47: 13 | CZ47: 10 | DB47: 46066 | DC47: SEXTA-FEIRA | DD47: ANGELA CID | DE47: 200 | DF47: 13 | DG47: 10 | DI47: 46066 | DJ47: SEXTA-FEIRA | DK47: ANGELA CID | DL47: 120 | DM47: 0 | DN47: 10 | DP47: 46066 | DQ47: SEXTA-FEIRA | DW47: 46066 | DX47: SEXTA-FEIRA
A48: 46067 | B48: SÁBADO | C48: GESPI - REFEITORIO | D48: 180 | E48: 15 | F48: 19 | H48: 46067 | I48: SÁBADO | J48: GESPI - REFEITORIO | K48: 250 | L48: 20.5 | M48: 0 | O48: 46067 | P48: SÁBADO | V48: 46066 | W48: SEXTA-FEIRA | X48: GESPI - REFEITORIO | Y48: 120 | Z48: 12.6 | AA48: 0 | AC48: 46067 | AD48: SÁBADO | AJ48: 46067 | AK48: SÁBADO | AQ48: 46067 | AR48: SÁBADO | AX48: 46066 | AY48: SEXTA-FEIRA | AZ48: ANGELA CID | BA48: 120 | BB48: 13 | BC48: 10 | BE48: 46067 | BF48: SÁBADO | BL48: 46067 | BM48: SÁBADO | BN48: GESPI - REFEITORIO | BO48: 120 | BP48: 13 | BQ48: 0 | BS48: 46067 | BT48: SÁBADO | BZ48: 46066 | CA48: SEXTA-FEIRA | CB48: FALTOU | CC48: 0 | CD48: 0 | CE48: 0 | CG48: 46067 | CH48: SÁBADO | CN48: 46067 | CO48: SÁBADO | CP48: GESPI - REFEITORIO | CQ48: 135 | CR48: 13 | CS48: 0 | CU48: 46067 | CV48: SÁBADO | DB48: 46067 | DC48: SÁBADO | DI48: 46067 | DJ48: SÁBADO | DP48: 46067 | DQ48: SÁBADO | DW48: 46067 | DX48: SÁBADO
A49: 46068 | B49: DOMINGO | H49: 46068 | I49: DOMINGO | O49: 46068 | P49: DOMINGO | V49: 46067 | W49: SÁBADO | X49: GESPI - REFEITORIO | Y49: 120 | Z49: 12.6 | AA49: 0 | AC49: 46068 | AD49: DOMINGO | AJ49: 46068 | AK49: DOMINGO | AQ49: 46068 | AR49: DOMINGO | AX49: 46067 | AY49: SÁBADO | BE49: 46068 | BF49: DOMINGO | BL49: 46068 | BM49: DOMINGO | BS49: 46068 | BT49: DOMINGO | BZ49: 46067 | CA49: SÁBADO | CG49: 46068 | CH49: DOMINGO | CN49: 46068 | CO49: DOMINGO | CU49: 46068 | CV49: DOMINGO | DB49: 46068 | DC49: DOMINGO | DI49: 46068 | DJ49: DOMINGO | DP49: 46068 | DQ49: DOMINGO | DW49: 46068 | DX49: DOMINGO
A50: 46069 | B50: SEGUNDA-FEIRA | C50: GESPI - REFEITORIO | D50: 180 | E50: 15 | F50: 19 | H50: 46069 | I50: SEGUNDA-FEIRA | J50: GESPI - REFEITORIO | K50: 250 | L50: 20.5 | M50: 0 | O50: 46069 | P50: SEGUNDA-FEIRA | Q50: FERIADO | V50: 46068 | W50: DOMINGO | AC50: 46069 | AD50: SEGUNDA-FEIRA | AE50: GESPI - REFEITORIO | AF50: 180 | AG50: 13 | AH50: 0 | AJ50: 46069 | AK50: SEGUNDA-FEIRA | AL50: FERIADO | AQ50: 46069 | AR50: SEGUNDA-FEIRA | AS50: GESPI - REFEITORIO | AT50: 120 | AU50: 13 | AV50: 0 | AX50: 46068 | AY50: DOMINGO | BE50: 46069 | BF50: SEGUNDA-FEIRA | BG50: FERIADO | BL50: 46069 | BM50: SEGUNDA-FEIRA | BN50: GESPI - REFEITORIO | BO50: 120 | BP50: 13 | BQ50: 0 | BS50: 46069 | BT50: SEGUNDA-FEIRA | BU50: FERIADO | BZ50: 46068 | CA50: DOMINGO | CG50: 46069 | CH50: SEGUNDA-FEIRA | CI50: FERIADO | CN50: 46069 | CO50: SEGUNDA-FEIRA | CP50: GESPI - REFEITORIO | CQ50: 180 | CR50: 13 | CS50: 0 | CU50: 46069 | CV50: SEGUNDA-FEIRA | CW50: ANGELA CID | CX50: 120 | CY50: 13 | CZ50: 10 | DB50: 46069 | DC50: SEGUNDA-FEIRA | DD50: GESPI - REFEITORIO | DE50: 200 | DF50: 13 | DG50: 0 | DI50: 46069 | DJ50: SEGUNDA-FEIRA | DK50: FERIADO | DP50: 46069 | DQ50: SEGUNDA-FEIRA | DW50: 46069 | DX50: SEGUNDA-FEIRA
A51: 46070 | B51: TERÇA-FEIRA | C51: GESPI - REFEITORIO | D51: 180 | E51: 15 | F51: 19 | H51: 46070 | I51: TERÇA-FEIRA | J51: GESPI - REFEITORIO | K51: 250 | L51: 20.5 | M51: 0 | O51: 46070 | P51: TERÇA-FEIRA | Q51: FERIADO | V51: 46069 | W51: SEGUNDA-FEIRA | X51: FERIADO | AC51: 46070 | AD51: TERÇA-FEIRA | AE51: GESPI - REFEITORIO | AF51: 180 | AG51: 13 | AH51: 0 | AJ51: 46070 | AK51: TERÇA-FEIRA | AL51: FERIADO | AQ51: 46070 | AR51: TERÇA-FEIRA | AS51: FERIADO | AT51: 0 | AU51: 0 | AV51: 0 | AX51: 46069 | AY51: SEGUNDA-FEIRA | AZ51: FERIADO | BE51: 46070 | BF51: TERÇA-FEIRA | BG51: FERIADO | BL51: 46070 | BM51: TERÇA-FEIRA | BN51: GESPI - REFEITORIO | BO51: 120 | BP51: 13 | BQ51: 0 | BS51: 46070 | BT51: TERÇA-FEIRA | BU51: FERIADO | BZ51: 46069 | CA51: SEGUNDA-FEIRA | CB51: FERIADO | CG51: 46070 | CH51: TERÇA-FEIRA | CI51: FERIADO | CN51: 46070 | CO51: TERÇA-FEIRA | CP51: GESPI - REFEITORIO | CQ51: 180 | CR51: 13 | CS51: 0 | CU51: 46070 | CV51: TERÇA-FEIRA | CW51: ANGELA CID | CX51: 120 | CY51: 13 | CZ51: 10 | DB51: 46070 | DC51: TERÇA-FEIRA | DD51: GESPI - REFEITORIO | DE51: 200 | DF51: 13 | DG51: 0 | DI51: 46070 | DJ51: TERÇA-FEIRA | DK51: FERIADO | DP51: 46070 | DQ51: TERÇA-FEIRA | DW51: 46070 | DX51: TERÇA-FEIRA
A52: 46071 | B52: QUARTA-FEIRA | C52: GESPI - REFEITORIO | D52: 180 | E52: 15 | F52: 19 | H52: 46071 | I52: QUARTA-FEIRA | J52: GESPI - REFEITORIO | K52: 250 | L52: 20.5 | M52: 0 | O52: 46071 | P52: QUARTA-FEIRA | V52: 46070 | W52: TERÇA-FEIRA | X52: FERIADO | AC52: 46071 | AD52: QUARTA-FEIRA | AE52: GESPI - REFEITORIO | AF52: 180 | AG52: 13 | AH52: 0 | AJ52: 46071 | AK52: QUARTA-FEIRA | AL52: ANGELA CID | AM52: 250 | AN52: 13 | AO52: 10 | AQ52: 46071 | AR52: QUARTA-FEIRA | AS52: GESPI - REFEITORIO | AT52: 120 | AU52: 13 | AV52: 0 | AX52: 46070 | AY52: TERÇA-FEIRA | AZ52: FERIADO | BE52: 46071 | BF52: QUARTA-FEIRA | BL52: 46071 | BM52: QUARTA-FEIRA | BN52: GESPI - REFEITORIO | BO52: 120 | BP52: 13 | BQ52: 0 | BS52: 46071 | BT52: QUARTA-FEIRA | BZ52: 46070 | CA52: TERÇA-FEIRA | CB52: FERIADO | CG52: 46071 | CH52: QUARTA-FEIRA | CN52: 46071 | CO52: QUARTA-FEIRA | CP52: GESPI - REFEITORIO | CQ52: 180 | CR52: 13 | CS52: 0 | CU52: 46071 | CV52: QUARTA-FEIRA | CW52: FALTOU | CX52: 0 | CY52: 0 | CZ52: 0 | DB52: 46071 | DC52: QUARTA-FEIRA | DD52: ANGELA CID | DE52: 200 | DF52: 13 | DG52: 10 | DI52: 46071 | DJ52: QUARTA-FEIRA | DK52: ANGELA CID | DL52: 120 | DM52: 13 | DN52: 10 | DP52: 46071 | DQ52: QUARTA-FEIRA | DW52: 46071 | DX52: QUARTA-FEIRA
A53: 46072 | B53: QUINTA-FEIRA | C53: GESPI - REFEITORIO | D53: 180 | E53: 15 | F53: 19 | H53: 46072 | I53: QUINTA-FEIRA | J53: GESPI - REFEITORIO | K53: 250 | L53: 20.5 | M53: 0 | O53: 46072 | P53: QUINTA-FEIRA | V53: 46071 | W53: QUARTA-FEIRA | X53: GESPI - REFEITORIO | Y53: 120 | Z53: 12.6 | AA53: 0 | AC53: 46072 | AD53: QUINTA-FEIRA | AE53: GESPI - REFEITORIO | AF53: 180 | AG53: 13 | AH53: 0 | AJ53: 46072 | AK53: QUINTA-FEIRA | AL53: ANGELA CID | AM53: 250 | AN53: 0 | AO53: 10 | AQ53: 46072 | AR53: QUINTA-FEIRA | AS53: FALTOU | AT53: 0 | AU53: 13 | AV53: 0 | AX53: 46071 | AY53: QUARTA-FEIRA | AZ53: FALTOU | BA53: 0 | BB53: 0 | BC53: 0 | BE53: 46072 | BF53: QUINTA-FEIRA | BL53: 46072 | BM53: QUINTA-FEIRA | BN53: GESPI - REFEITORIO | BO53: 120 | BP53: 13 | BQ53: 0 | BS53: 46072 | BT53: QUINTA-FEIRA | BZ53: 46071 | CA53: QUARTA-FEIRA | CB53: ANGELA CID | CC53: 120 | CD53: 13 | CE53: 10 | CG53: 46072 | CH53: QUINTA-FEIRA | CN53: 46072 | CO53: QUINTA-FEIRA | CP53: GESPI - REFEITORIO | CQ53: 180 | CR53: 13 | CS53: 0 | CU53: 46072 | CV53: QUINTA-FEIRA | CW53: ANGELA CID | CX53: 120 | CY53: 13 | CZ53: 10 | DB53: 46072 | DC53: QUINTA-FEIRA | DD53: ANGELA CID | DE53: 200 | DF53: 13 | DG53: 10 | DI53: 46072 | DJ53: QUINTA-FEIRA | DK53: FALTOU | DL53: 0 | DM53: 0 | DN53: 10 | DP53: 46072 | DQ53: QUINTA-FEIRA | DW53: 46072 | DX53: QUINTA-FEIRA
A54: 46073 | B54: SEXTA-FEIRA | C54: GESPI - REFEITORIO | D54: 180 | E54: 15 | F54: 19 | H54: 46073 | I54: SEXTA-FEIRA | J54: GESPI - REFEITORIO | K54: 250 | L54: 20.5 | M54: 0 | O54: 46073 | P54: SEXTA-FEIRA | V54: 46072 | W54: QUINTA-FEIRA | X54: GESPI - REFEITORIO | Y54: 120 | Z54: 12.6 | AA54: 0 | AC54: 46073 | AD54: SEXTA-FEIRA | AE54: GESPI - REFEITORIO | AF54: 180 | AG54: 13 | AH54: 0 | AJ54: 46073 | AK54: SEXTA-FEIRA | AL54: ANGELA CID | AM54: 250 | AN54: 0 | AO54: 10 | AQ54: 46073 | AR54: SEXTA-FEIRA | AS54: GESPI - REFEITORIO | AT54: 120 | AU54: 13 | AV54: 0 | AX54: 46072 | AY54: QUINTA-FEIRA | AZ54: ANGELA CID | BA54: 120 | BB54: 0 | BC54: 10 | BE54: 46073 | BF54: SEXTA-FEIRA | BL54: 46073 | BM54: SEXTA-FEIRA | BN54: GESPI - REFEITORIO | BO54: 120 | BP54: 13 | BQ54: 0 | BS54: 46073 | BT54: SEXTA-FEIRA | BZ54: 46072 | CA54: QUINTA-FEIRA | CB54: ANGELA CID | CC54: 120 | CD54: 0 | CE54: 10 | CG54: 46073 | CH54: SEXTA-FEIRA | CN54: 46073 | CO54: SEXTA-FEIRA | CP54: GESPI - REFEITORIO | CQ54: 180 | CR54: 13 | CS54: 0 | CU54: 46073 | CV54: SEXTA-FEIRA | CW54: ANGELA CID | CX54: 120 | CY54: 13 | CZ54: 10 | DB54: 46073 | DC54: SEXTA-FEIRA | DD54: ANGELA CID | DE54: 200 | DF54: 13 | DG54: 10 | DI54: 46073 | DJ54: SEXTA-FEIRA | DK54: ANGELA CID | DL54: 120 | DM54: 0 | DN54: 10 | DP54: 46073 | DQ54: SEXTA-FEIRA | DW54: 46073 | DX54: SEXTA-FEIRA
A55: 46074 | B55: SÁBADO | H55: 46074 | I55: SÁBADO | O55: 46074 | P55: SÁBADO | V55: 46073 | W55: SEXTA-FEIRA | X55: GESPI - REFEITORIO | Y55: 120 | Z55: 12.6 | AA55: 0 | AC55: 46074 | AD55: SÁBADO | AJ55: 46074 | AK55: SÁBADO | AQ55: 46074 | AR55: SÁBADO | AX55: 46073 | AY55: SEXTA-FEIRA | AZ55: ANGELA CID | BA55: 120 | BB55: 0 | BC55: 10 | BE55: 46074 | BF55: SÁBADO | BL55: 46074 | BM55: SÁBADO | BS55: 46074 | BT55: SÁBADO | BZ55: 46073 | CA55: SEXTA-FEIRA | CB55: ANGELA CID | CC55: 120 | CD55: 0 | CE55: 10 | CG55: 46074 | CH55: SÁBADO | CN55: 46074 | CO55: SÁBADO | CP55: GESPI - REFEITORIO | CQ55: 250 | CR55: 13 | CS55: 0 | CU55: 46074 | CV55: SÁBADO | DB55: 46074 | DC55: SÁBADO | DI55: 46074 | DJ55: SÁBADO | DP55: 46074 | DQ55: SÁBADO | DW55: 46074 | DX55: SÁBADO
A56: 46075 | B56: DOMINGO | H56: 46075 | I56: DOMINGO | O56: 46075 | P56: DOMINGO | V56: 46074 | W56: SÁBADO | AC56: 46075 | AD56: DOMINGO | AJ56: 46075 | AK56: DOMINGO | AQ56: 46075 | AR56: DOMINGO | AX56: 46074 | AY56: SÁBADO | AZ56: GESPI - REFEITORIO | BA56: 170 | BB56: 0 | BC56: 0 | BE56: 46075 | BF56: DOMINGO | BL56: 46075 | BM56: DOMINGO | BS56: 46075 | BT56: DOMINGO | BZ56: 46074 | CA56: SÁBADO | CG56: 46075 | CH56: DOMINGO | CN56: 46075 | CO56: DOMINGO | CP56: GESPI - REFEITORIO | CQ56: 250 | CR56: 13 | CS56: 0 | CU56: 46075 | CV56: DOMINGO | DB56: 46075 | DC56: DOMINGO | DD56: GESPI - REFEITORIO | DE56: 200 | DF56: 13 | DG56: 0 | DI56: 46075 | DJ56: DOMINGO | DP56: 46075 | DQ56: DOMINGO | DW56: 46075 | DX56: DOMINGO
A57: 46076 | B57: SEGUNDA-FEIRA | C57: GESPI - REFEITORIO | D57: 180 | E57: 15 | F57: 19 | H57: 46076 | I57: SEGUNDA-FEIRA | O57: 46076 | P57: SEGUNDA-FEIRA | V57: 46075 | W57: DOMINGO | AC57: 46076 | AD57: SEGUNDA-FEIRA | AE57: ANGELA CID | AF57: 180 | AG57: 13 | AH57: =19+10 -> 29 | AJ57: 46076 | AK57: SEGUNDA-FEIRA | AL57: ANGELA CID | AM57: 250 | AN57: 0 | AO57: 10 | AQ57: 46076 | AR57: SEGUNDA-FEIRA | AV57: 0 | AX57: 46075 | AY57: DOMINGO | AZ57: GESPI - REFEITORIO | BA57: 170 | BB57: 0 | BC57: 0 | BE57: 46076 | BF57: SEGUNDA-FEIRA | BL57: 46076 | BM57: SEGUNDA-FEIRA | BN57: FALTOU | BP57: 0 | BQ57: 0 | BS57: 46076 | BT57: SEGUNDA-FEIRA | BZ57: 46075 | CA57: DOMINGO | CG57: 46076 | CH57: SEGUNDA-FEIRA | CN57: 46076 | CO57: SEGUNDA-FEIRA | CP57: GESPI - REFEITORIO | CQ57: 180 | CR57: 13 | CS57: 0 | CU57: 46076 | CV57: SEGUNDA-FEIRA | CW57: ANGELA CID | CX57: 120 | CY57: 0 | CZ57: 10 | DB57: 46076 | DC57: SEGUNDA-FEIRA | DD57: ANGELA CID | DE57: 200 | DF57: 13 | DG57: 10 | DI57: 46076 | DJ57: SEGUNDA-FEIRA | DM57: 0 | DN57: 10 | DP57: 46076 | DQ57: SEGUNDA-FEIRA | DW57: 46076 | DX57: SEGUNDA-FEIRA
A58: 46077 | B58: TERÇA-FEIRA | C58: GESPI - REFEITORIO | D58: 180 | E58: 15 | F58: 19 | H58: 46077 | I58: TERÇA-FEIRA | O58: 46077 | P58: TERÇA-FEIRA | V58: 46076 | W58: SEGUNDA-FEIRA | X58: FALTOU | Z58: 12.6 | AC58: 46077 | AD58: TERÇA-FEIRA | AE58: ANGELA CID | AF58: 180 | AG58: 13 | AH58: =19+10 -> 29 | AJ58: 46077 | AK58: TERÇA-FEIRA | AL58: ANGELA CID | AM58: 250 | AN58: 0 | AO58: 10 | AQ58: 46077 | AR58: TERÇA-FEIRA | AV58: 0 | AX58: 46076 | AY58: SEGUNDA-FEIRA | AZ58: ANGELA CID | BA58: 120 | BB58: 0 | BC58: 10 | BE58: 46077 | BF58: TERÇA-FEIRA | BL58: 46077 | BM58: TERÇA-FEIRA | BN58: GESPI - REFEITORIO | BO58: 120 | BP58: 13 | BQ58: 0 | BS58: 46077 | BT58: TERÇA-FEIRA | BZ58: 46076 | CA58: SEGUNDA-FEIRA | CB58: FALTOU | CC58: 0 | CD58: 0 | CE58: 0 | CG58: 46077 | CH58: TERÇA-FEIRA | CN58: 46077 | CO58: TERÇA-FEIRA | CP58: GESPI - REFEITORIO | CQ58: 180 | CR58: 13 | CS58: 0 | CU58: 46077 | CV58: TERÇA-FEIRA | CW58: ANGELA CID | CX58: 120 | CY58: 0 | CZ58: 10 | DB58: 46077 | DC58: TERÇA-FEIRA | DD58: ANGELA CID | DE58: 200 | DF58: 13 | DG58: 10 | DI58: 46077 | DJ58: TERÇA-FEIRA | DM58: 0 | DN58: 10 | DP58: 46077 | DQ58: TERÇA-FEIRA | DR58: ANGELA CID | DS58: 120 | DT58: 13 | DU58: 10 | DW58: 46077 | DX58: TERÇA-FEIRA
A59: 46078 | B59: QUARTA-FEIRA | C59: GESPI - REFEITORIO | D59: 180 | E59: 15 | F59: 19 | H59: 46078 | I59: QUARTA-FEIRA | O59: 46078 | P59: QUARTA-FEIRA | V59: 46077 | W59: TERÇA-FEIRA | X59: GESPI - REFEITORIO | Y59: 120 | Z59: 12.6 | AC59: 46078 | AD59: QUARTA-FEIRA | AE59: ANGELA CID | AF59: 180 | AG59: 13 | AH59: =19+10 -> 29 | AJ59: 46078 | AK59: QUARTA-FEIRA | AL59: ANGELA CID | AM59: 250 | AN59: 0 | AO59: 10 | AQ59: 46078 | AR59: QUARTA-FEIRA | AV59: 0 | AX59: 46077 | AY59: TERÇA-FEIRA | AZ59: ANGELA CID | BA59: 120 | BB59: 0 | BC59: 10 | BE59: 46078 | BF59: QUARTA-FEIRA | BL59: 46078 | BM59: QUARTA-FEIRA | BN59: GESPI - REFEITORIO | BO59: 120 | BP59: 13 | BQ59: 0 | BS59: 46078 | BT59: QUARTA-FEIRA | BZ59: 46077 | CA59: TERÇA-FEIRA | CB59: ANGELA CID | CC59: 120 | CD59: 0 | CE59: 10 | CG59: 46078 | CH59: QUARTA-FEIRA | CN59: 46078 | CO59: QUARTA-FEIRA | CP59: GESPI - REFEITORIO | CQ59: 180 | CR59: 13 | CS59: 0 | CU59: 46078 | CV59: QUARTA-FEIRA | CW59: ANGELA CID | CX59: 120 | CY59: 0 | CZ59: 10 | DB59: 46078 | DC59: QUARTA-FEIRA | DD59: ANGELA CID | DE59: 200 | DF59: 13 | DG59: 10 | DI59: 46078 | DJ59: QUARTA-FEIRA | DM59: 0 | DN59: 10 | DP59: 46078 | DQ59: QUARTA-FEIRA | DR59: ANGELA CID | DS59: 120 | DT59: 13 | DU59: 10 | DW59: 46078 | DX59: QUARTA-FEIRA
A60: 46079 | B60: QUINTA-FEIRA | C60: GESPI - REFEITORIO | D60: 180 | E60: 15 | F60: 19 | H60: 46079 | I60: QUINTA-FEIRA | O60: 46079 | P60: QUINTA-FEIRA | V60: 46078 | W60: QUARTA-FEIRA | X60: GESPI - REFEITORIO | Y60: 120 | Z60: 12.6 | AC60: 46079 | AD60: QUINTA-FEIRA | AE60: ANGELA CID | AF60: 180 | AG60: 13 | AH60: =19+10 -> 29 | AJ60: 46079 | AK60: QUINTA-FEIRA | AL60: ANGELA CID | AM60: 250 | AN60: 0 | AO60: 10 | AQ60: 46079 | AR60: QUINTA-FEIRA | AV60: 0 | AX60: 46078 | AY60: QUARTA-FEIRA | AZ60: ANGELA CID | BA60: 120 | BB60: 0 | BC60: 10 | BE60: 46079 | BF60: QUINTA-FEIRA | BL60: 46079 | BM60: QUINTA-FEIRA | BN60: GESPI - REFEITORIO | BO60: 120 | BP60: 13 | BQ60: 0 | BS60: 46079 | BT60: QUINTA-FEIRA | BZ60: 46078 | CA60: QUARTA-FEIRA | CB60: ANGELA CID | CC60: 120 | CD60: 0 | CE60: 10 | CG60: 46079 | CH60: QUINTA-FEIRA | CN60: 46079 | CO60: QUINTA-FEIRA | CP60: GESPI - REFEITORIO | CQ60: 180 | CR60: 13 | CS60: 0 | CU60: 46079 | CV60: QUINTA-FEIRA | CW60: ANGELA CID | CX60: 120 | CY60: 0 | CZ60: 10 | DB60: 46079 | DC60: QUINTA-FEIRA | DD60: ANGELA CID | DE60: 200 | DF60: 13 | DG60: 10 | DI60: 46079 | DJ60: QUINTA-FEIRA | DM60: 0 | DN60: 10 | DP60: 46079 | DQ60: QUINTA-FEIRA | DR60: ANGELA CID | DS60: 120 | DT60: 13 | DU60: 10 | DW60: 46079 | DX60: QUINTA-FEIRA
A61: 46080 | B61: SEXTA-FEIRA | C61: GESPI - REFEITORIO | D61: 180 | E61: 15 | F61: 19 | H61: 46080 | I61: SEXTA-FEIRA | O61: 46080 | P61: SEXTA-FEIRA | V61: 46079 | W61: QUINTA-FEIRA | X61: GESPI - REFEITORIO | Y61: 120 | Z61: 12.6 | AC61: 46080 | AD61: SEXTA-FEIRA | AE61: ANGELA CID | AF61: 180 | AG61: 13 | AH61: =19+10 -> 29 | AJ61: 46080 | AK61: SEXTA-FEIRA | AL61: ANGELA CID | AM61: 250 | AN61: 0 | AO61: 10 | AQ61: 46080 | AR61: SEXTA-FEIRA | AV61: 0 | AX61: 46079 | AY61: QUINTA-FEIRA | AZ61: ANGELA CID | BA61: 120 | BB61: 0 | BC61: 10 | BE61: 46080 | BF61: SEXTA-FEIRA | BL61: 46080 | BM61: SEXTA-FEIRA | BN61: GESPI - REFEITORIO | BO61: 120 | BP61: 13 | BQ61: 0 | BS61: 46080 | BT61: SEXTA-FEIRA | BZ61: 46079 | CA61: QUINTA-FEIRA | CB61: ANGELA CID | CC61: 120 | CD61: 0 | CE61: 10 | CG61: 46080 | CH61: SEXTA-FEIRA | CN61: 46080 | CO61: SEXTA-FEIRA | CP61: GESPI - REFEITORIO | CQ61: 180 | CR61: 13 | CS61: 0 | CU61: 46080 | CV61: SEXTA-FEIRA | CW61: ANGELA CID | CX61: 120 | CY61: 0 | CZ61: 10 | DB61: 46080 | DC61: SEXTA-FEIRA | DD61: ANGELA CID | DE61: 200 | DF61: 13 | DG61: 10 | DI61: 46080 | DJ61: SEXTA-FEIRA | DM61: 0 | DN61: 10 | DP61: 46080 | DQ61: SEXTA-FEIRA | DR61: ANGELA CID | DS61: 120 | DT61: 13 | DU61: 10 | DW61: 46080 | DX61: SEXTA-FEIRA
A62: 46081 | B62: SÁBADO | H62: 46081 | I62: SÁBADO | O62: 46081 | P62: SÁBADO | V62: 46080 | W62: SEXTA-FEIRA | X62: GESPI - REFEITORIO | Y62: 120 | Z62: 12.6 | AC62: 46081 | AD62: SÁBADO | AJ62: 46081 | AK62: SÁBADO | AQ62: 46081 | AR62: SÁBADO | AX62: 46080 | AY62: SEXTA-FEIRA | AZ62: ANGELA CID | BA62: 120 | BB62: 0 | BC62: 10 | BE62: 46081 | BF62: SÁBADO | BL62: 46081 | BM62: SÁBADO | BS62: 46081 | BT62: SÁBADO | BZ62: 46080 | CA62: SEXTA-FEIRA | CB62: ANGELA CID | CC62: 120 | CD62: 0 | CE62: 10 | CG62: 46081 | CH62: SÁBADO | CN62: 46081 | CO62: SÁBADO | CU62: 46081 | CV62: SÁBADO | DB62: 46081 | DC62: SÁBADO | DD62: GESPI - REFEITORIO | DE62: 200 | DF62: 13 | DI62: 46081 | DJ62: SÁBADO | DP62: 46081 | DQ62: SÁBADO | DR62: GESPI - REFEITORIO | DS62: 120 | DT62: 13 | DW62: 46081 | DX62: SÁBADO
A63: 46082 | B63: DOMINGO | H63: 46082 | I63: DOMINGO | O63: 46082 | P63: DOMINGO | V63: 46081 | W63: SÁBADO | AC63: 46082 | AD63: DOMINGO | AJ63: 46082 | AK63: DOMINGO | AQ63: 46082 | AR63: DOMINGO | AX63: 46081 | AY63: SÁBADO | BE63: 46082 | BF63: DOMINGO | BL63: 46082 | BM63: DOMINGO | BS63: 46082 | BT63: DOMINGO | BZ63: 46081 | CA63: SÁBADO | CG63: 46082 | CH63: DOMINGO | CN63: 46082 | CO63: DOMINGO | CU63: 46082 | CV63: DOMINGO | CW63: GESPI - REFEITORIO | CX63: 120 | CY63: 13 | CZ63: 0 | DB63: 46082 | DC63: DOMINGO | DD63: GESPI - REFEITORIO | DE63: 200 | DF63: 13 | DI63: 46082 | DJ63: DOMINGO | DP63: 46082 | DQ63: DOMINGO | DR63: GESPI - REFEITORIO | DS63: 120 | DT63: 13 | DW63: 46082 | DX63: DOMINGO | DY63: GESPI - REFEITORIO | DZ63: 120 | EA63: 13 | EB63: 0
A64: 46083 | B64: SEGUNDA-FEIRA | C64: GESPI - REFEITORIO | D64: 180 | E64: 15 | F64: 19 | H64: 46083 | I64: SEGUNDA-FEIRA | O64: 46083 | P64: SEGUNDA-FEIRA | V64: 46082 | W64: DOMINGO | AC64: 46083 | AD64: SEGUNDA-FEIRA | AE64: ANGELA CID | AF64: 180 | AG64: 0 | AH64: 0 | AJ64: 46083 | AK64: SEGUNDA-FEIRA | AL64: ANGELA CID | AM64: 250 | AN64: 0 | AO64: 0 | AQ64: 46083 | AR64: SEGUNDA-FEIRA | AX64: 46082 | AY64: DOMINGO | BE64: 46083 | BF64: SEGUNDA-FEIRA | BL64: 46083 | BM64: SEGUNDA-FEIRA | BN64: GESPI - REFEITORIO | BO64: 120 | BP64: 13 | BS64: 46083 | BT64: SEGUNDA-FEIRA | BZ64: 46082 | CA64: DOMINGO | CG64: 46083 | CH64: SEGUNDA-FEIRA | CN64: 46083 | CO64: SEGUNDA-FEIRA | CP64: GESPI - REFEITORIO | CQ64: 180 | CR64: 13 | CS64: 0 | CU64: 46083 | CV64: SEGUNDA-FEIRA | CW64: ANGELA CID | CX64: 120 | CY64: 0 | DB64: 46083 | DC64: SEGUNDA-FEIRA | DD64: ANGELA CID | DE64: 200 | DF64: 13 | DI64: 46083 | DJ64: SEGUNDA-FEIRA | DP64: 46083 | DQ64: SEGUNDA-FEIRA | DR64: ANGELA CID | DS64: 120 | DT64: 13 | DU64: 0 | DW64: 46083 | DX64: SEGUNDA-FEIRA | DY64: GESPI - REFEITORIO | DZ64: 120 | EA64: 13 | EB64: 0
A65: 46084 | B65: TERÇA-FEIRA | C65: GESPI - REFEITORIO | D65: 180 | E65: 15 | F65: 19 | H65: 46084 | I65: TERÇA-FEIRA | O65: 46084 | P65: TERÇA-FEIRA | V65: 46083 | W65: SEGUNDA-FEIRA | X65: GESPI - REFEITORIO | Y65: 120 | Z65: 12.6 | AC65: 46084 | AD65: TERÇA-FEIRA | AE65: ANGELA CID | AF65: 180 | AG65: 0 | AH65: 10 | AJ65: 46084 | AK65: TERÇA-FEIRA | AL65: ANGELA CID | AM65: 250 | AN65: 0 | AO65: 10 | AQ65: 46084 | AR65: TERÇA-FEIRA | AX65: 46083 | AY65: SEGUNDA-FEIRA | AZ65: ANGELA CID | BA65: 120 | BB65: 0 | BC65: 0 | BE65: 46084 | BF65: TERÇA-FEIRA | BL65: 46084 | BM65: TERÇA-FEIRA | BN65: GESPI - REFEITORIO | BO65: 120 | BP65: 13 | BS65: 46084 | BT65: TERÇA-FEIRA | BZ65: 46083 | CA65: SEGUNDA-FEIRA | CB65: ANGELA CID | CC65: 120 | CD65: 0 | CE65: 0 | CG65: 46084 | CH65: TERÇA-FEIRA | CN65: 46084 | CO65: TERÇA-FEIRA | CP65: GESPI - REFEITORIO | CQ65: 180 | CR65: 13 | CS65: 0 | CU65: 46084 | CV65: TERÇA-FEIRA | CW65: ANGELA CID | CX65: 120 | CY65: 0 | CZ65: 10 | DB65: 46084 | DC65: TERÇA-FEIRA | DD65: ANGELA CID | DE65: 200 | DF65: 13 | DG65: 10 | DI65: 46084 | DJ65: TERÇA-FEIRA | DP65: 46084 | DQ65: TERÇA-FEIRA | DR65: ANGELA CID | DS65: 120 | DT65: 13 | DU65: 10 | DW65: 46084 | DX65: TERÇA-FEIRA | DY65: GESPI - REFEITORIO | DZ65: 120 | EA65: 13 | EB65: 0
A66: 46085 | B66: QUARTA-FEIRA | C66: GESPI - REFEITORIO | D66: 180 | E66: 15 | F66: 19 | H66: 46085 | I66: QUARTA-FEIRA | O66: 46085 | P66: QUARTA-FEIRA | V66: 46084 | W66: TERÇA-FEIRA | X66: GESPI - REFEITORIO | Y66: 120 | Z66: 12.6 | AC66: 46085 | AD66: QUARTA-FEIRA | AE66: ANGELA CID | AF66: 180 | AG66: 0 | AH66: 10 | AJ66: 46085 | AK66: QUARTA-FEIRA | AL66: ANGELA CID | AM66: 250 | AN66: 0 | AO66: 10 | AQ66: 46085 | AR66: QUARTA-FEIRA | AX66: 46084 | AY66: TERÇA-FEIRA | AZ66: ANGELA CID | BA66: 120 | BB66: 0 | BC66: 10 | BE66: 46085 | BF66: QUARTA-FEIRA | BL66: 46085 | BM66: QUARTA-FEIRA | BN66: GESPI - REFEITORIO | BO66: 120 | BP66: 13 | BS66: 46085 | BT66: QUARTA-FEIRA | BZ66: 46084 | CA66: TERÇA-FEIRA | CB66: ANGELA CID | CC66: 120 | CD66: 0 | CE66: 10 | CG66: 46085 | CH66: QUARTA-FEIRA | CN66: 46085 | CO66: QUARTA-FEIRA | CP66: GESPI - REFEITORIO | CQ66: 180 | CR66: 13 | CS66: 0 | CU66: 46085 | CV66: QUARTA-FEIRA | CW66: ANGELA CID | CX66: 120 | CY66: 0 | CZ66: 10 | DB66: 46085 | DC66: QUARTA-FEIRA | DD66: ANGELA CID | DE66: 200 | DF66: 13 | DG66: 10 | DI66: 46085 | DJ66: QUARTA-FEIRA | DP66: 46085 | DQ66: QUARTA-FEIRA | DR66: ANGELA CID | DS66: 120 | DT66: 13 | DU66: 10 | DW66: 46085 | DX66: QUARTA-FEIRA | DY66: GESPI - REFEITORIO | DZ66: 120 | EA66: 13 | EB66: 0
A67: 46086 | B67: QUINTA-FEIRA | C67: GESPI - REFEITORIO | D67: 180 | E67: 15 | F67: 19 | H67: 46086 | I67: QUINTA-FEIRA | O67: 46086 | P67: QUINTA-FEIRA | V67: 46085 | W67: QUARTA-FEIRA | X67: GESPI - REFEITORIO | Y67: 120 | Z67: 12.6 | AC67: 46086 | AD67: QUINTA-FEIRA | AE67: ANGELA CID | AF67: 180 | AG67: 0 | AH67: 10 | AJ67: 46086 | AK67: QUINTA-FEIRA | AL67: ANGELA CID | AM67: 250 | AN67: 0 | AO67: 10 | AQ67: 46086 | AR67: QUINTA-FEIRA | AX67: 46085 | AY67: QUARTA-FEIRA | AZ67: ANGELA CID | BA67: 120 | BB67: 0 | BC67: 10 | BE67: 46086 | BF67: QUINTA-FEIRA | BL67: 46086 | BM67: QUINTA-FEIRA | BN67: GESPI - REFEITORIO | BO67: 120 | BP67: 13 | BS67: 46086 | BT67: QUINTA-FEIRA | BZ67: 46085 | CA67: QUARTA-FEIRA | CB67: ANGELA CID | CC67: 120 | CD67: 0 | CE67: 10 | CG67: 46086 | CH67: QUINTA-FEIRA | CN67: 46086 | CO67: QUINTA-FEIRA | CP67: GESPI - REFEITORIO | CQ67: 180 | CR67: 13 | CS67: 0 | CU67: 46086 | CV67: QUINTA-FEIRA | CW67: ANGELA CID | CX67: 120 | CY67: 0 | CZ67: 10 | DB67: 46086 | DC67: QUINTA-FEIRA | DD67: ANGELA CID | DE67: 200 | DF67: 13 | DG67: 10 | DI67: 46086 | DJ67: QUINTA-FEIRA | DP67: 46086 | DQ67: QUINTA-FEIRA | DR67: ANGELA CID | DS67: 120 | DT67: 13 | DU67: 10 | DW67: 46086 | DX67: QUINTA-FEIRA | DY67: GESPI - REFEITORIO | DZ67: 120 | EA67: 13 | EB67: 0
A68: 46087 | B68: SEXTA-FEIRA | C68: GESPI - REFEITORIO | D68: 180 | E68: 15 | F68: 19 | H68: 46087 | I68: SEXTA-FEIRA | O68: 46087 | P68: SEXTA-FEIRA | V68: 46086 | W68: QUINTA-FEIRA | X68: GESPI - REFEITORIO | Y68: 120 | Z68: 12.6 | AC68: 46087 | AD68: SEXTA-FEIRA | AE68: ANGELA CID | AF68: 180 | AG68: 0 | AH68: 10 | AJ68: 46087 | AK68: SEXTA-FEIRA | AL68: ANGELA CID | AM68: 250 | AN68: 0 | AO68: 10 | AQ68: 46087 | AR68: SEXTA-FEIRA | AX68: 46086 | AY68: QUINTA-FEIRA | AZ68: ANGELA CID | BA68: 120 | BB68: 0 | BC68: 10 | BE68: 46087 | BF68: SEXTA-FEIRA | BL68: 46087 | BM68: SEXTA-FEIRA | BN68: GESPI - REFEITORIO | BO68: 120 | BP68: 13 | BS68: 46087 | BT68: SEXTA-FEIRA | BZ68: 46086 | CA68: QUINTA-FEIRA | CB68: ANGELA CID | CC68: 120 | CD68: 0 | CE68: 10 | CG68: 46087 | CH68: SEXTA-FEIRA | CN68: 46087 | CO68: SEXTA-FEIRA | CP68: GESPI - REFEITORIO | CQ68: 180 | CR68: 13 | CS68: 0 | CU68: 46087 | CV68: SEXTA-FEIRA | CW68: ANGELA CID | CX68: 120 | CY68: 0 | CZ68: 10 | DB68: 46087 | DC68: SEXTA-FEIRA | DD68: ANGELA CID | DE68: 200 | DF68: 13 | DG68: 10 | DI68: 46087 | DJ68: SEXTA-FEIRA | DP68: 46087 | DQ68: SEXTA-FEIRA | DR68: ANGELA CID | DS68: 120 | DT68: 13 | DU68: 10 | DW68: 46087 | DX68: SEXTA-FEIRA | DY68: GESPI - REFEITORIO | DZ68: 120 | EA68: 13 | EB68: 0
A69: 46088 | B69: SÁBADO | H69: 46088 | I69: SÁBADO | O69: 46088 | P69: SÁBADO | V69: 46087 | W69: SEXTA-FEIRA | X69: GESPI - REFEITORIO | Y69: 120 | Z69: 12.6 | AC69: 46088 | AD69: SÁBADO | AJ69: 46088 | AK69: SÁBADO | AQ69: 46088 | AR69: SÁBADO | AX69: 46087 | AY69: SEXTA-FEIRA | AZ69: ANGELA CID | BA69: 120 | BB69: 0 | BC69: 10 | BE69: 46088 | BF69: SÁBADO | BL69: 46088 | BM69: SÁBADO | BS69: 46088 | BT69: SÁBADO | BZ69: 46087 | CA69: SEXTA-FEIRA | CB69: ANGELA CID | CC69: 120 | CD69: 0 | CE69: 10 | CG69: 46088 | CH69: SÁBADO | CN69: 46088 | CO69: SÁBADO | CP69: GESPI - REFEITORIO | CQ69: 180 | CU69: 46088 | CV69: SÁBADO | DB69: 46088 | DC69: SÁBADO | DI69: 46088 | DJ69: SÁBADO | DP69: 46088 | DQ69: SÁBADO | DW69: 46088 | DX69: SÁBADO | DY69: GESPI - REFEITORIO | DZ69: 120 | EA69: 13 | EB69: 0
A70: 46089 | B70: DOMINGO | H70: 46089 | I70: DOMINGO | O70: 46089 | P70: DOMINGO | V70: 46088 | W70: SÁBADO | AC70: 46089 | AD70: DOMINGO | AJ70: 46089 | AK70: DOMINGO | AQ70: 46089 | AR70: DOMINGO | AX70: 46088 | AY70: SÁBADO | BE70: 46089 | BF70: DOMINGO | BL70: 46089 | BM70: DOMINGO | BS70: 46089 | BT70: DOMINGO | BZ70: 46088 | CA70: SÁBADO | CG70: 46089 | CH70: DOMINGO | CN70: 46089 | CO70: DOMINGO | CU70: 46089 | CV70: DOMINGO | DB70: 46089 | DC70: DOMINGO | DI70: 46089 | DJ70: DOMINGO | DP70: 46089 | DQ70: DOMINGO | DW70: 46089 | DX70: DOMINGO
A71: 46090 | B71: SEGUNDA-FEIRA | C71: STEEL HOME | D71: 180 | E71: 15 | F71: 19 | H71: 46090 | I71: SEGUNDA-FEIRA | O71: 46090 | P71: SEGUNDA-FEIRA | V71: 46089 | W71: DOMINGO | AC71: 46090 | AD71: SEGUNDA-FEIRA | AE71: ANGELA CID | AF71: 180 | AG71: 0 | AH71: 10 | AJ71: 46090 | AK71: SEGUNDA-FEIRA | AL71: ANGELA CID | AM71: 250 | AN71: 0 | AO71: 10 | AQ71: 46090 | AR71: SEGUNDA-FEIRA | AX71: 46089 | AY71: DOMINGO | BE71: 46090 | BF71: SEGUNDA-FEIRA | BL71: 46090 | BM71: SEGUNDA-FEIRA | BN71: STEEL HOME | BO71: 120 | BP71: 13 | BS71: 46090 | BT71: SEGUNDA-FEIRA | BZ71: 46089 | CA71: DOMINGO | CG71: 46090 | CH71: SEGUNDA-FEIRA | CN71: 46090 | CO71: SEGUNDA-FEIRA | CP71: GESPI - REFEITORIO | CQ71: 180 | CR71: 13 | CS71: 0 | CU71: 46090 | CV71: SEGUNDA-FEIRA | CW71: ANGELA CID | CX71: 120 | CY71: 0 | CZ71: 10 | DB71: 46090 | DC71: SEGUNDA-FEIRA | DD71: ANGELA CID | DE71: 200 | DF71: 13 | DG71: 10 | DI71: 46090 | DJ71: SEGUNDA-FEIRA | DP71: 46090 | DQ71: SEGUNDA-FEIRA | DR71: ANGELA CID | DS71: 120 | DT71: 13 | DU71: 10 | DW71: 46090 | DX71: SEGUNDA-FEIRA | DY71: GESPI - REFEITORIO | DZ71: 120 | EA71: 13 | EB71: 0
A72: 46091 | B72: TERÇA-FEIRA | C72: STEEL HOME | D72: 180 | E72: 15 | F72: 19 | H72: 46091 | I72: TERÇA-FEIRA | O72: 46091 | P72: TERÇA-FEIRA | V72: 46090 | W72: SEGUNDA-FEIRA | X72: GESPI - REFEITORIO | Y72: 120 | Z72: 12.6 | AC72: 46091 | AD72: TERÇA-FEIRA | AE72: ANGELA CID | AF72: 180 | AG72: 0 | AH72: 10 | AJ72: 46091 | AK72: TERÇA-FEIRA | AL72: ANGELA CID | AM72: 250 | AN72: 0 | AO72: 10 | AQ72: 46091 | AR72: TERÇA-FEIRA | AX72: 46090 | AY72: SEGUNDA-FEIRA | AZ72: ANGELA CID | BA72: 120 | BB72: 0 | BC72: 10 | BE72: 46091 | BF72: TERÇA-FEIRA | BL72: 46091 | BM72: TERÇA-FEIRA | BN72: STEEL HOME | BO72: 120 | BP72: 13 | BS72: 46091 | BT72: TERÇA-FEIRA | BZ72: 46090 | CA72: SEGUNDA-FEIRA | CB72: ANGELA CID | CC72: 120 | CD72: 0 | CE72: 10 | CG72: 46091 | CH72: TERÇA-FEIRA | CN72: 46091 | CO72: TERÇA-FEIRA | CP72: GESPI - REFEITORIO | CQ72: 180 | CR72: 13 | CS72: 0 | CU72: 46091 | CV72: TERÇA-FEIRA | CW72: ANGELA CID | CX72: 120 | CY72: 0 | CZ72: 10 | DB72: 46091 | DC72: QUARTA-FEIRA | DD72: ANGELA CID | DE72: 200 | DI72: 46091 | DJ72: TERÇA-FEIRA | DP72: 46091 | DQ72: TERÇA-FEIRA | DR72: ANGELA CID | DS72: 120 | DT72: 13 | DU72: 10 | DW72: 46091 | DX72: TERÇA-FEIRA | DY72: GESPI - REFEITORIO | DZ72: 120 | EA72: 13 | EB72: 0
A73: 46092 | B73: QUARTA-FEIRA | C73: VEREDA | D73: 180 | E73: 15 | F73: 19 | H73: 46092 | I73: QUARTA-FEIRA | O73: 46092 | P73: QUARTA-FEIRA | V73: 46091 | W73: TERÇA-FEIRA | X73: FALTOU | AC73: 46092 | AD73: QUARTA-FEIRA | AE73: ANGELA CID | AF73: 180 | AG73: 0 | AH73: 10 | AJ73: 46092 | AK73: QUARTA-FEIRA | AL73: ANGELA CID | AM73: 250 | AN73: 0 | AO73: 10 | AQ73: 46092 | AR73: QUARTA-FEIRA | AX73: 46091 | AY73: TERÇA-FEIRA | AZ73: ANGELA CID | BA73: 120 | BB73: 0 | BC73: 10 | BE73: 46092 | BF73: QUARTA-FEIRA | BL73: 46092 | BM73: QUARTA-FEIRA | BN73: VEREDA | BO73: 120 | BP73: 13 | BS73: 46092 | BT73: QUARTA-FEIRA | BZ73: 46091 | CA73: TERÇA-FEIRA | CB73: ANGELA CID | CC73: 120 | CD73: 0 | CE73: 10 | CG73: 46092 | CH73: QUARTA-FEIRA | CN73: 46092 | CO73: QUARTA-FEIRA | CP73: GESPI - REFEITORIO | CQ73: 180 | CR73: 13 | CS73: 0 | CU73: 46092 | CV73: QUARTA-FEIRA | CW73: ANGELA CID | CX73: 120 | CY73: 0 | CZ73: 10 | DB73: 46091 | DC73: QUARTA-FEIRA | DD73: CLÍNICA DGM | DE73: 200 | DF73: 13 | DG73: 10 | DI73: 46092 | DJ73: QUARTA-FEIRA | DP73: 46091 | DQ73: TERÇA-FEIRA | DR73: CLÍNICA DGM | DS73: 120 | DW73: 46092 | DX73: QUARTA-FEIRA | DY73: GESPI - REFEITORIO | DZ73: 120 | EA73: 13 | EB73: 0
A74: 46093 | B74: QUINTA-FEIRA | C74: GESPI - REFEITORIO | D74: 180 | E74: 15 | F74: 19 | H74: 46093 | I74: QUINTA-FEIRA | O74: 46093 | P74: QUINTA-FEIRA | V74: 46092 | W74: QUARTA-FEIRA | X74: GESPI - REFEITORIO | Y74: 120 | Z74: 12.6 | AC74: 46093 | AD74: QUINTA-FEIRA | AE74: CLÍNICA DGM | AF74: 180 | AG74: 0 | AH74: 10 | AJ74: 46093 | AK74: QUINTA-FEIRA | AL74: CLÍNICA DGM | AM74: 250 | AN74: 0 | AO74: 10 | AQ74: 46093 | AR74: QUINTA-FEIRA | AX74: 46092 | AY74: QUARTA-FEIRA | AZ74: ANGELA CID | BA74: 120 | BB74: 0 | BC74: 10 | BE74: 46093 | BF74: QUINTA-FEIRA | BL74: 46093 | BM74: QUINTA-FEIRA | BN74: GESPI - REFEITORIO | BO74: 120 | BP74: 13 | BS74: 46093 | BT74: QUINTA-FEIRA | BZ74: 46092 | CA74: QUARTA-FEIRA | CB74: ANGELA CID | CC74: 120 | CD74: 0 | CE74: 10 | CG74: 46093 | CH74: QUINTA-FEIRA | CN74: 46093 | CO74: QUINTA-FEIRA | CP74: GESPI - REFEITORIO | CQ74: 180 | CR74: 13 | CS74: 0 | CU74: 46093 | CV74: QUINTA-FEIRA | CW74: GESPI - REFEITORIO | CX74: 120 | CY74: 0 | CZ74: 10 | DB74: 46092 | DC74: QUARTA-FEIRA | DD74: ANGELA CID | DE74: 200 | DI74: 46093 | DJ74: QUINTA-FEIRA | DP74: 46092 | DQ74: QUARTA-FEIRA | DR74: ANGELA CID | DS74: 120 | DT74: 13 | DU74: 10 | DW74: 46093 | DX74: QUINTA-FEIRA | DY74: GESPI - REFEITORIO | DZ74: 120 | EA74: 13 | EB74: 0
A75: 46094 | B75: SEXTA-FEIRA | C75: ESCRITÓRIO | D75: 180 | E75: 15 | F75: 19 | H75: 46094 | I75: SEXTA-FEIRA | O75: 46094 | P75: SEXTA-FEIRA | V75: 46093 | W75: QUINTA-FEIRA | X75: GESPI - REFEITORIO | Y75: 120 | Z75: 12.6 | AC75: 46094 | AD75: SEXTA-FEIRA | AE75: ANGELA CID | AF75: 180 | AG75: 0 | AH75: 10 | AJ75: 46094 | AK75: SEXTA-FEIRA | AL75: ANGELA CID | AM75: 250 | AN75: 0 | AO75: 10 | AQ75: 46094 | AR75: SEXTA-FEIRA | AX75: 46093 | AY75: QUINTA-FEIRA | AZ75: ANGELA CID | BA75: 120 | BB75: 0 | BC75: 10 | BE75: 46094 | BF75: SEXTA-FEIRA | BL75: 46094 | BM75: SEXTA-FEIRA | BN75: CLÍNICA DGM | BO75: 120 | BP75: 13 | BS75: 46094 | BT75: SEXTA-FEIRA | BZ75: 46093 | CA75: QUINTA-FEIRA | CB75: GESPI - REFEITORIO | CC75: 120 | CD75: 0 | CE75: 10 | CG75: 46094 | CH75: SEXTA-FEIRA | CN75: 46094 | CO75: SEXTA-FEIRA | CP75: GESPI - REFEITORIO | CQ75: 180 | CR75: 13 | CS75: 0 | CU75: 46094 | CV75: SEXTA-FEIRA | CW75: CLÍNICA DGM | CX75: 120 | CY75: 0 | CZ75: 10 | DB75: 46092 | DC75: QUARTA-FEIRA | DD75: CLÍNICA DGM | DE75: 200 | DF75: 13 | DG75: 10 | DI75: 46094 | DJ75: SEXTA-FEIRA | DP75: 46092 | DQ75: QUARTA-FEIRA | DR75: CLÍNICA DGM | DS75: 120 | DW75: 46094 | DX75: SEXTA-FEIRA | DY75: GESPI - REFEITORIO | DZ75: 120 | EA75: 13 | EB75: 0
A76: 46095 | B76: SÁBADO | H76: 46095 | I76: SÁBADO | O76: 46095 | P76: SÁBADO | V76: 46094 | W76: SEXTA-FEIRA | X76: GESPI - REFEITORIO | Y76: 120 | Z76: 12.6 | AC76: 46095 | AD76: SÁBADO | AJ76: 46095 | AK76: SÁBADO | AQ76: 46095 | AR76: SÁBADO | AX76: 46094 | AY76: SEXTA-FEIRA | AZ76: ANGELA CID | BA76: 120 | BB76: 0 | BC76: 10 | BE76: 46095 | BF76: SÁBADO | BL76: 46095 | BM76: SÁBADO | BS76: 46095 | BT76: SÁBADO | BZ76: 46094 | CA76: SEXTA-FEIRA | CB76: ANGELA CID | CC76: 120 | CD76: 0 | CE76: 10 | CG76: 46095 | CH76: SÁBADO | CN76: 46095 | CO76: SÁBADO | CU76: 46095 | CV76: SÁBADO | DB76: 46093 | DC76: QUINTA-FEIRA | DD76: CLÍNICA DGM | DE76: 200 | DF76: 13 | DG76: 10 | DI76: 46095 | DJ76: SÁBADO | DP76: 46093 | DQ76: QUINTA-FEIRA | DR76: GESPI - REFEITORIO | DS76: 120 | DT76: 13 | DU76: 10 | DW76: 46095 | DX76: SÁBADO
A77: 46096 | B77: DOMINGO | H77: 46096 | I77: DOMINGO | O77: 46096 | P77: DOMINGO | V77: 46095 | W77: SÁBADO | AC77: 46096 | AD77: DOMINGO | AJ77: 46096 | AK77: DOMINGO | AQ77: 46096 | AR77: DOMINGO | AX77: 46095 | AY77: SÁBADO | BE77: 46096 | BF77: DOMINGO | BL77: 46096 | BM77: DOMINGO | BS77: 46096 | BT77: DOMINGO | BZ77: 46095 | CA77: SÁBADO | CG77: 46096 | CH77: DOMINGO | CN77: 46096 | CO77: DOMINGO | CU77: 46096 | CV77: DOMINGO | DB77: 46094 | DC77: SEXTA-FEIRA | DD77: GESPI - REFEITORIO | DE77: 200 | DF77: 13 | DG77: 10 | DI77: 46096 | DJ77: DOMINGO | DP77: 46094 | DQ77: SEXTA-FEIRA | DR77: GESPI - REFEITORIO | DS77: 120 | DT77: 13 | DU77: 10 | DW77: 46096 | DX77: DOMINGO
A78: 46097 | B78: SEGUNDA-FEIRA | C78: ANGELA CID | D78: 180 | E78: 15 | F78: 19 | H78: 46097 | I78: SEGUNDA-FEIRA | O78: 46097 | P78: SEGUNDA-FEIRA | V78: 46096 | W78: DOMINGO | AC78: 46097 | AD78: SEGUNDA-FEIRA | AE78: ANGELA CID | AF78: 180 | AG78: 0 | AH78: 10 | AJ78: 46097 | AK78: SEGUNDA-FEIRA | AL78: ANGELA CID | AM78: 250 | AN78: 0 | AO78: 10 | AQ78: 46097 | AR78: SEGUNDA-FEIRA | AX78: 46096 | AY78: DOMINGO | BE78: 46097 | BF78: SEGUNDA-FEIRA | BL78: 46097 | BM78: SEGUNDA-FEIRA | BN78: ANGELA CID | BO78: 120 | BP78: 13 | BS78: 46097 | BT78: SEGUNDA-FEIRA | BZ78: 46096 | CA78: DOMINGO | CG78: 46097 | CH78: SEGUNDA-FEIRA | CN78: 46097 | CO78: SEGUNDA-FEIRA | CP78: GESPI - REFEITORIO | CQ78: 180 | CR78: 13 | CS78: 0 | CU78: 46097 | CV78: SEGUNDA-FEIRA | CW78: ANGELA CID | CX78: 120 | CY78: 0 | CZ78: 10 | DB78: 46095 | DC78: SÁBADO | DI78: 46097 | DJ78: SEGUNDA-FEIRA | DP78: 46095 | DQ78: SÁBADO | DR78: GESPI - REFEITORIO | DS78: 120 | DT78: 13 | DU78: 10 | DW78: 46097 | DX78: SEGUNDA-FEIRA | DY78: GESPI - REFEITORIO | DZ78: 120 | EA78: 13 | EB78: 0
A79: 46098 | B79: TERÇA-FEIRA | C79: RAFAEL - URBANOVA | D79: 180 | E79: 15 | F79: 19 | H79: 46098 | I79: TERÇA-FEIRA | O79: 46098 | P79: TERÇA-FEIRA | V79: 46097 | W79: SEGUNDA-FEIRA | X79: GESPI - REFEITORIO | Y79: 120 | Z79: 12.6 | AC79: 46098 | AD79: TERÇA-FEIRA | AE79: ANGELA CID | AF79: 180 | AG79: 0 | AH79: 10 | AJ79: 46098 | AK79: TERÇA-FEIRA | AL79: ANGELA CID | AM79: 250 | AN79: 0 | AO79: 10 | AQ79: 46098 | AR79: TERÇA-FEIRA | AX79: 46097 | AY79: SEGUNDA-FEIRA | AZ79: ANGELA CID | BA79: 120 | BB79: 0 | BC79: 10 | BE79: 46098 | BF79: TERÇA-FEIRA | BL79: 46098 | BM79: TERÇA-FEIRA | BN79: RAFAEL - URBANOVA | BO79: 120 | BP79: 13 | BS79: 46098 | BT79: TERÇA-FEIRA | BZ79: 46097 | CA79: SEGUNDA-FEIRA | CB79: ANGELA CID | CC79: 120 | CD79: 0 | CE79: 10 | CG79: 46098 | CH79: TERÇA-FEIRA | CN79: 46098 | CO79: TERÇA-FEIRA | CP79: GESPI - REFEITORIO | CQ79: 180 | CR79: 13 | CS79: 0 | CU79: 46098 | CV79: TERÇA-FEIRA | CW79: ANGELA CID | CX79: 120 | CY79: 0 | CZ79: 10 | DB79: 46096 | DC79: DOMINGO | DI79: 46098 | DJ79: TERÇA-FEIRA | DP79: 46096 | DQ79: DOMINGO | DW79: 46098 | DX79: TERÇA-FEIRA | DY79: GESPI - REFEITORIO | DZ79: 120 | EA79: 13 | EB79: 0
A80: 46099 | B80: QUARTA-FEIRA | C80: RAFAEL - URBANOVA | D80: 180 | E80: 15 | F80: 19 | H80: 46099 | I80: QUARTA-FEIRA | O80: 46099 | P80: QUARTA-FEIRA | V80: 46098 | W80: TERÇA-FEIRA | X80: GESPI - REFEITORIO | Y80: 120 | Z80: 12.6 | AC80: 46099 | AD80: QUARTA-FEIRA | AE80: ANGELA CID | AF80: 180 | AG80: 0 | AH80: 10 | AJ80: 46099 | AK80: QUARTA-FEIRA | AL80: ANGELA CID | AM80: 250 | AN80: 0 | AO80: 10 | AQ80: 46099 | AR80: QUARTA-FEIRA | AX80: 46098 | AY80: TERÇA-FEIRA | AZ80: ANGELA CID | BA80: 120 | BB80: 0 | BC80: 10 | BE80: 46099 | BF80: QUARTA-FEIRA | BL80: 46099 | BM80: QUARTA-FEIRA | BN80: RAFAEL - URBANOVA | BO80: 120 | BP80: 13 | BS80: 46099 | BT80: QUARTA-FEIRA | BZ80: 46098 | CA80: TERÇA-FEIRA | CB80: ANGELA CID | CC80: 120 | CD80: 0 | CE80: 10 | CG80: 46099 | CH80: QUARTA-FEIRA | CN80: 46099 | CO80: QUARTA-FEIRA | CP80: GESPI - REFEITORIO | CQ80: 180 | CR80: 13 | CS80: 0 | CU80: 46099 | CV80: QUARTA-FEIRA | CW80: ANGELA CID | CX80: 120 | CY80: 0 | CZ80: 10 | DB80: 46097 | DC80: SEGUNDA-FEIRA | DD80: ANGELA CID | DE80: 200 | DF80: 13 | DG80: 10 | DI80: 46099 | DJ80: QUARTA-FEIRA | DP80: 46097 | DQ80: SEGUNDA-FEIRA | DR80: ANGELA CID | DS80: 120 | DT80: 13 | DU80: 10 | DW80: 46099 | DX80: QUARTA-FEIRA | DY80: GESPI - REFEITORIO | DZ80: 120 | EA80: 13 | EB80: 0
A81: 46100 | B81: QUINTA-FEIRA | C81: FERIADO | H81: 46100 | I81: QUINTA-FEIRA | J81: FERIADO | O81: 46100 | P81: QUINTA-FEIRA | Q81: FERIADO | V81: 46099 | W81: QUARTA-FEIRA | X81: GESPI - REFEITORIO | Y81: 120 | Z81: 12.6 | AC81: 46100 | AD81: QUINTA-FEIRA | AE81: ANGELA CID | AF81: 180 | AG81: 0 | AH81: 10 | AJ81: 46100 | AK81: QUINTA-FEIRA | AL81: ANGELA CID | AM81: 250 | AN81: 0 | AO81: 10 | AQ81: 46100 | AR81: QUINTA-FEIRA | AS81: FERIADO | AX81: 46099 | AY81: QUARTA-FEIRA | AZ81: ANGELA CID | BA81: 120 | BB81: 0 | BC81: 10 | BE81: 46100 | BF81: QUINTA-FEIRA | BG81: FERIADO | BL81: 46100 | BM81: QUINTA-FEIRA | BN81: FERIADO | BS81: 46100 | BT81: QUINTA-FEIRA | BU81: FERIADO | BZ81: 46099 | CA81: QUARTA-FEIRA | CB81: ANGELA CID | CC81: 120 | CD81: 0 | CE81: 10 | CG81: 46100 | CH81: QUINTA-FEIRA | CI81: FERIADO | CN81: 46100 | CO81: QUINTA-FEIRA | CP81: ANGELA CID | CQ81: 180 | CR81: 13 | CS81: 0 | CU81: 46100 | CV81: QUINTA-FEIRA | CW81: ANGELA CID | CX81: 120 | CY81: 0 | CZ81: 10 | DB81: 46098 | DC81: TERÇA-FEIRA | DD81: ANGELA CID | DE81: 200 | DF81: 13 | DG81: 10 | DI81: 46100 | DJ81: QUINTA-FEIRA | DK81: FERIADO | DP81: 46098 | DQ81: TERÇA-FEIRA | DR81: ANGELA CID | DS81: 120 | DT81: 13 | DU81: 10 | DW81: 46100 | DX81: QUINTA-FEIRA | DY81: ANGELA CID | DZ81: 120 | EA81: 13 | EB81: 0
A82: 46101 | B82: SEXTA-FEIRA | C82: ANGELA CID | D82: 180 | E82: 15 | F82: 19 | H82: 46101 | I82: SEXTA-FEIRA | O82: 46101 | P82: SEXTA-FEIRA | V82: 46100 | W82: QUINTA-FEIRA | X82: FERIADO | AC82: 46101 | AD82: SEXTA-FEIRA | AE82: ANGELA CID | AF82: 180 | AG82: 0 | AH82: 10 | AJ82: 46101 | AK82: SEXTA-FEIRA | AL82: ANGELA CID | AM82: 250 | AN82: 0 | AO82: 10 | AQ82: 46101 | AR82: SEXTA-FEIRA | AX82: 46100 | AY82: QUINTA-FEIRA | AZ82: ANGELA CID | BA82: 120 | BB82: 0 | BC82: 10 | BE82: 46101 | BF82: SEXTA-FEIRA | BL82: 46101 | BM82: SEXTA-FEIRA | BN82: GESPI - REFEITORIO | BO82: 120 | BP82: 13 | BS82: 46101 | BT82: SEXTA-FEIRA | BZ82: 46100 | CA82: QUINTA-FEIRA | CB82: ANGELA CID | CC82: 120 | CD82: 0 | CE82: 10 | CG82: 46101 | CH82: SEXTA-FEIRA | CN82: 46101 | CO82: SEXTA-FEIRA | CP82: FALTOU | CU82: 46101 | CV82: SEXTA-FEIRA | CW82: ANGELA CID | CX82: 120 | CY82: 0 | CZ82: 10 | DB82: 46099 | DC82: QUARTA-FEIRA | DD82: ANGELA CID | DE82: 200 | DF82: 13 | DG82: 10 | DI82: 46101 | DJ82: SEXTA-FEIRA | DP82: 46099 | DQ82: QUARTA-FEIRA | DR82: ANGELA CID | DS82: 120 | DT82: 13 | DU82: 10 | DW82: 46101 | DX82: SEXTA-FEIRA | DY82: GESPI - REFEITORIO | DZ82: 120 | EA82: 13 | EB82: 0
A83: 46102 | B83: SÁBADO | H83: 46102 | I83: SÁBADO | O83: 46102 | P83: SÁBADO | V83: 46101 | W83: SEXTA-FEIRA | X83: GESPI - REFEITORIO | Y83: 120 | Z83: 12.6 | AC83: 46102 | AD83: SÁBADO | AJ83: 46102 | AK83: SÁBADO | AQ83: 46102 | AR83: SÁBADO | AX83: 46101 | AY83: SEXTA-FEIRA | AZ83: ANGELA CID | BA83: 120 | BB83: 0 | BC83: 10 | BE83: 46102 | BF83: SÁBADO | BL83: 46102 | BM83: SÁBADO | BS83: 46102 | BT83: SÁBADO | BZ83: 46101 | CA83: SEXTA-FEIRA | CB83: ANGELA CID | CC83: 120 | CD83: 0 | CE83: 10 | CG83: 46102 | CH83: SÁBADO | CN83: 46102 | CO83: SÁBADO | CU83: 46102 | CV83: SÁBADO | DB83: 46100 | DC83: QUINTA-FEIRA | DD83: ANGELA CID | DE83: 200 | DF83: 13 | DG83: 10 | DI83: 46102 | DJ83: SÁBADO | DP83: 46100 | DQ83: QUINTA-FEIRA | DR83: ANGELA CID | DS83: 120 | DT83: 13 | DU83: 10 | DW83: 46102 | DX83: SÁBADO
A84: 46103 | B84: DOMINGO | H84: 46103 | I84: DOMINGO | O84: 46103 | P84: DOMINGO | V84: 46102 | W84: SÁBADO | AC84: 46103 | AD84: DOMINGO | AJ84: 46103 | AK84: DOMINGO | AQ84: 46103 | AR84: DOMINGO | AX84: 46102 | AY84: SÁBADO | BE84: 46103 | BF84: DOMINGO | BL84: 46103 | BM84: DOMINGO | BS84: 46103 | BT84: DOMINGO | BZ84: 46102 | CA84: SÁBADO | CG84: 46103 | CH84: DOMINGO | CN84: 46103 | CO84: DOMINGO | CU84: 46103 | CV84: DOMINGO | DB84: 46101 | DC84: SEXTA-FEIRA | DD84: ANGELA CID | DE84: 200 | DF84: 13 | DG84: 10 | DI84: 46103 | DJ84: DOMINGO | DP84: 46101 | DQ84: SEXTA-FEIRA | DR84: ANGELA CID | DS84: 120 | DT84: 13 | DU84: 10 | DW84: 46103 | DX84: DOMINGO
A85: 46104 | B85: SEGUNDA-FEIRA | C85: RAFAEL - URBANOVA | D85: 180 | E85: 15 | F85: 19 | H85: 46104 | I85: SEGUNDA-FEIRA | O85: 46104 | P85: SEGUNDA-FEIRA | V85: 46103 | W85: DOMINGO | AC85: 46104 | AD85: SEGUNDA-FEIRA | AE85: ANGELA CID | AF85: 180 | AG85: 0 | AH85: 10 | AJ85: 46104 | AK85: SEGUNDA-FEIRA | AL85: ATESTADO | AM85: 250 | AN85: 0 | AO85: 10 | AQ85: 46104 | AR85: SEGUNDA-FEIRA | AX85: 46103 | AY85: DOMINGO | BE85: 46104 | BF85: SEGUNDA-FEIRA | BL85: 46104 | BM85: SEGUNDA-FEIRA | BN85: FALTOU | BO85: 0 | BP85: 13 | BS85: 46104 | BT85: SEGUNDA-FEIRA | BZ85: 46103 | CA85: DOMINGO | CG85: 46104 | CH85: SEGUNDA-FEIRA | CN85: 46104 | CO85: SEGUNDA-FEIRA | CP85: ANGELA CID | CQ85: 180 | CR85: 13 | CS85: 0 | CU85: 46104 | CV85: SEGUNDA-FEIRA | CW85: ANGELA CID | CX85: 120 | CY85: 0 | CZ85: 10 | DB85: 46102 | DC85: SÁBADO | DI85: 46104 | DJ85: SEGUNDA-FEIRA | DP85: 46102 | DQ85: SÁBADO | DW85: 46104 | DX85: SEGUNDA-FEIRA | DY85: GESPI - REFEITORIO | DZ85: 120 | EA85: 13 | EB85: 0
A86: 46105 | B86: TERÇA-FEIRA | E86: 15 | F86: 19 | H86: 46105 | I86: TERÇA-FEIRA | O86: 46105 | P86: TERÇA-FEIRA | V86: 46104 | W86: SEGUNDA-FEIRA | X86: RAFAEL - URBANOVA | Y86: 120 | Z86: 12.6 | AC86: 46105 | AD86: TERÇA-FEIRA | AG86: 0 | AH86: 10 | AJ86: 46105 | AK86: TERÇA-FEIRA | AN86: 0 | AO86: 10 | AQ86: 46105 | AR86: TERÇA-FEIRA | AX86: 46104 | AY86: SEGUNDA-FEIRA | AZ86: ANGELA CID | BA86: 120 | BB86: 0 | BC86: 10 | BE86: 46105 | BF86: TERÇA-FEIRA | BL86: 46105 | BM86: TERÇA-FEIRA | BP86: 13 | BS86: 46105 | BT86: TERÇA-FEIRA | BZ86: 46104 | CA86: SEGUNDA-FEIRA | CB86: ANGELA CID | CC86: 120 | CD86: 0 | CE86: 10 | CG86: 46105 | CH86: TERÇA-FEIRA | CN86: 46105 | CO86: TERÇA-FEIRA | CR86: 13 | CS86: 0 | CU86: 46105 | CV86: TERÇA-FEIRA | CY86: 0 | CZ86: 10 | DB86: 46103 | DC86: DOMINGO | DI86: 46105 | DJ86: TERÇA-FEIRA | DP86: 46103 | DQ86: DOMINGO | DW86: 46105 | DX86: TERÇA-FEIRA | EA86: 13 | EB86: 0
A87: 46106 | B87: QUARTA-FEIRA | E87: 15 | F87: 19 | H87: 46106 | I87: QUARTA-FEIRA | O87: 46106 | P87: QUARTA-FEIRA | V87: 46105 | W87: TERÇA-FEIRA | Z87: 12.6 | AC87: 46106 | AD87: QUARTA-FEIRA | AG87: 0 | AH87: 10 | AJ87: 46106 | AK87: QUARTA-FEIRA | AN87: 0 | AO87: 10 | AQ87: 46106 | AR87: QUARTA-FEIRA | AX87: 46105 | AY87: TERÇA-FEIRA | BB87: 0 | BC87: 10 | BE87: 46106 | BF87: QUARTA-FEIRA | BL87: 46106 | BM87: QUARTA-FEIRA | BP87: 13 | BS87: 46106 | BT87: QUARTA-FEIRA | BZ87: 46105 | CA87: TERÇA-FEIRA | CD87: 0 | CE87: 10 | CG87: 46106 | CH87: QUARTA-FEIRA | CN87: 46106 | CO87: QUARTA-FEIRA | CR87: 13 | CS87: 0 | CU87: 46106 | CV87: QUARTA-FEIRA | CY87: 0 | CZ87: 10 | DB87: 46104 | DC87: SEGUNDA-FEIRA | DD87: ANGELA CID | DE87: 200 | DF87: 13 | DG87: 10 | DI87: 46106 | DJ87: QUARTA-FEIRA | DP87: 46104 | DQ87: SEGUNDA-FEIRA | DR87: ANGELA CID | DS87: 120 | DT87: 13 | DU87: 10 | DW87: 46106 | DX87: QUARTA-FEIRA | EA87: 13 | EB87: 0
A88: 46107 | B88: QUINTA-FEIRA | E88: 15 | F88: 19 | H88: 46107 | I88: QUINTA-FEIRA | O88: 46107 | P88: QUINTA-FEIRA | V88: 46106 | W88: QUARTA-FEIRA | Z88: 12.6 | AC88: 46107 | AD88: QUINTA-FEIRA | AG88: 0 | AH88: 10 | AJ88: 46107 | AK88: QUINTA-FEIRA | AN88: 0 | AO88: 10 | AQ88: 46107 | AR88: QUINTA-FEIRA | AX88: 46106 | AY88: QUARTA-FEIRA | BB88: 0 | BC88: 10 | BE88: 46107 | BF88: QUINTA-FEIRA | BL88: 46107 | BM88: QUINTA-FEIRA | BP88: 13 | BS88: 46107 | BT88: QUINTA-FEIRA | BZ88: 46106 | CA88: QUARTA-FEIRA | CD88: 0 | CE88: 10 | CG88: 46107 | CH88: QUINTA-FEIRA | CN88: 46107 | CO88: QUINTA-FEIRA | CR88: 13 | CS88: 0 | CU88: 46107 | CV88: QUINTA-FEIRA | CY88: 0 | CZ88: 10 | DB88: 46105 | DC88: TERÇA-FEIRA | DF88: 13 | DG88: 10 | DI88: 46107 | DJ88: QUINTA-FEIRA | DP88: 46105 | DQ88: TERÇA-FEIRA | DT88: 13 | DU88: 10 | DW88: 46107 | DX88: QUINTA-FEIRA | EA88: 13 | EB88: 0
A89: 46108 | B89: SEXTA-FEIRA | E89: 15 | F89: 19 | H89: 46108 | I89: SEXTA-FEIRA | O89: 46108 | P89: SEXTA-FEIRA | V89: 46107 | W89: QUINTA-FEIRA | Z89: 12.6 | AC89: 46108 | AD89: SEXTA-FEIRA | AG89: 0 | AH89: 10 | AJ89: 46108 | AK89: SEXTA-FEIRA | AN89: 0 | AO89: 10 | AQ89: 46108 | AR89: SEXTA-FEIRA | AX89: 46107 | AY89: QUINTA-FEIRA | BB89: 0 | BC89: 10 | BE89: 46108 | BF89: SEXTA-FEIRA | BL89: 46108 | BM89: SEXTA-FEIRA | BP89: 13 | BS89: 46108 | BT89: SEXTA-FEIRA | BZ89: 46107 | CA89: QUINTA-FEIRA | CD89: 0 | CE89: 10 | CG89: 46108 | CH89: SEXTA-FEIRA | CN89: 46108 | CO89: SEXTA-FEIRA | CR89: 13 | CS89: 0 | CU89: 46108 | CV89: SEXTA-FEIRA | CY89: 0 | CZ89: 10 | DB89: 46106 | DC89: QUARTA-FEIRA | DF89: 13 | DG89: 10 | DI89: 46108 | DJ89: SEXTA-FEIRA | DP89: 46106 | DQ89: QUARTA-FEIRA | DT89: 13 | DU89: 10 | DW89: 46108 | DX89: SEXTA-FEIRA | EA89: 13 | EB89: 0
A90: 46109 | B90: SÁBADO | H90: 46109 | I90: SÁBADO | O90: 46109 | P90: SÁBADO | V90: 46108 | W90: SEXTA-FEIRA | Z90: 12.6 | AC90: 46109 | AD90: SÁBADO | AJ90: 46109 | AK90: SÁBADO | AQ90: 46109 | AR90: SÁBADO | AX90: 46108 | AY90: SEXTA-FEIRA | BB90: 0 | BC90: 10 | BE90: 46109 | BF90: SÁBADO | BL90: 46109 | BM90: SÁBADO | BS90: 46109 | BT90: SÁBADO | BZ90: 46108 | CA90: SEXTA-FEIRA | CD90: 0 | CE90: 10 | CG90: 46109 | CH90: SÁBADO | CN90: 46109 | CO90: SÁBADO | CU90: 46109 | CV90: SÁBADO | DB90: 46107 | DC90: QUINTA-FEIRA | DF90: 13 | DG90: 10 | DI90: 46109 | DJ90: SÁBADO | DP90: 46107 | DQ90: QUINTA-FEIRA | DT90: 13 | DU90: 10 | DW90: 46109 | DX90: SÁBADO
A91: 46110 | B91: DOMINGO | H91: 46110 | I91: DOMINGO | O91: 46110 | P91: DOMINGO | V91: 46109 | W91: SÁBADO | AC91: 46110 | AD91: DOMINGO | AJ91: 46110 | AK91: DOMINGO | AQ91: 46110 | AR91: DOMINGO | AX91: 46109 | AY91: SÁBADO | BE91: 46110 | BF91: DOMINGO | BL91: 46110 | BM91: DOMINGO | BS91: 46110 | BT91: DOMINGO | BZ91: 46109 | CA91: SÁBADO | CG91: 46110 | CH91: DOMINGO | CN91: 46110 | CO91: DOMINGO | CU91: 46110 | CV91: DOMINGO | DB91: 46108 | DC91: SEXTA-FEIRA | DF91: 13 | DG91: 10 | DI91: 46110 | DJ91: DOMINGO | DP91: 46108 | DQ91: SEXTA-FEIRA | DT91: 13 | DU91: 10 | DW91: 46110 | DX91: DOMINGO
A92: 46111 | B92: SEGUNDA-FEIRA | H92: 46111 | I92: SEGUNDA-FEIRA | O92: 46111 | P92: SEGUNDA-FEIRA | V92: 46110 | W92: DOMINGO | AC92: 46111 | AD92: SEGUNDA-FEIRA | AJ92: 46111 | AK92: SEGUNDA-FEIRA | AQ92: 46111 | AR92: SEGUNDA-FEIRA | AX92: 46110 | AY92: DOMINGO | BE92: 46111 | BF92: SEGUNDA-FEIRA | BL92: 46111 | BM92: SEGUNDA-FEIRA | BS92: 46111 | BT92: SEGUNDA-FEIRA | BZ92: 46110 | CA92: DOMINGO | CG92: 46111 | CH92: SEGUNDA-FEIRA | CN92: 46111 | CO92: SEGUNDA-FEIRA | CU92: 46111 | CV92: SEGUNDA-FEIRA | DB92: 46109 | DC92: SÁBADO | DI92: 46111 | DJ92: SEGUNDA-FEIRA | DP92: 46109 | DQ92: SÁBADO | DW92: 46111 | DX92: SEGUNDA-FEIRA
A93: 46112 | B93: TERÇA-FEIRA | H93: 46112 | I93: TERÇA-FEIRA | O93: 46112 | P93: TERÇA-FEIRA | V93: 46111 | W93: SEGUNDA-FEIRA | AC93: 46112 | AD93: TERÇA-FEIRA | AJ93: 46112 | AK93: TERÇA-FEIRA | AQ93: 46112 | AR93: TERÇA-FEIRA | AX93: 46111 | AY93: SEGUNDA-FEIRA | BE93: 46112 | BF93: TERÇA-FEIRA | BL93: 46112 | BM93: TERÇA-FEIRA | BS93: 46112 | BT93: TERÇA-FEIRA | BZ93: 46111 | CA93: SEGUNDA-FEIRA | CG93: 46112 | CH93: TERÇA-FEIRA | CN93: 46112 | CO93: TERÇA-FEIRA | CU93: 46112 | CV93: TERÇA-FEIRA | DB93: 46110 | DC93: DOMINGO | DI93: 46112 | DJ93: TERÇA-FEIRA | DP93: 46110 | DQ93: DOMINGO | DW93: 46112 | DX93: TERÇA-FEIRA
A94: 46113 | B94: QUARTA-FEIRA | H94: 46113 | I94: QUARTA-FEIRA | O94: 46113 | P94: QUARTA-FEIRA | V94: 46112 | W94: TERÇA-FEIRA | AC94: 46113 | AD94: QUARTA-FEIRA | AJ94: 46113 | AK94: QUARTA-FEIRA | AQ94: 46113 | AR94: QUARTA-FEIRA | AX94: 46112 | AY94: TERÇA-FEIRA | BE94: 46113 | BF94: QUARTA-FEIRA | BL94: 46113 | BM94: QUARTA-FEIRA | BS94: 46113 | BT94: QUARTA-FEIRA | BZ94: 46112 | CA94: TERÇA-FEIRA | CG94: 46113 | CH94: QUARTA-FEIRA | CN94: 46113 | CO94: QUARTA-FEIRA | CU94: 46113 | CV94: QUARTA-FEIRA | DB94: 46111 | DC94: SEGUNDA-FEIRA | DI94: 46113 | DJ94: QUARTA-FEIRA | DP94: 46111 | DQ94: SEGUNDA-FEIRA | DW94: 46113 | DX94: QUARTA-FEIRA
A95: 46114 | B95: QUINTA-FEIRA | H95: 46114 | I95: QUINTA-FEIRA | O95: 46114 | P95: QUINTA-FEIRA | V95: 46113 | W95: QUARTA-FEIRA | AC95: 46114 | AD95: QUINTA-FEIRA | AJ95: 46114 | AK95: QUINTA-FEIRA | AQ95: 46114 | AR95: QUINTA-FEIRA | AX95: 46113 | AY95: QUARTA-FEIRA | BE95: 46114 | BF95: QUINTA-FEIRA | BL95: 46114 | BM95: QUINTA-FEIRA | BS95: 46114 | BT95: QUINTA-FEIRA | BZ95: 46113 | CA95: QUARTA-FEIRA | CG95: 46114 | CH95: QUINTA-FEIRA | CN95: 46114 | CO95: QUINTA-FEIRA | CU95: 46114 | CV95: QUINTA-FEIRA | DB95: 46112 | DC95: TERÇA-FEIRA | DI95: 46114 | DJ95: QUINTA-FEIRA | DP95: 46112 | DQ95: TERÇA-FEIRA | DW95: 46114 | DX95: QUINTA-FEIRA
A96: 46115 | B96: SEXTA-FEIRA | C96: FERIADO | H96: 46115 | I96: SEXTA-FEIRA | J96: FERIADO | O96: 46115 | P96: SEXTA-FEIRA | Q96: FERIADO | V96: 46114 | W96: QUINTA-FEIRA | AC96: 46115 | AD96: SEXTA-FEIRA | AE96: FERIADO | AJ96: 46115 | AK96: SEXTA-FEIRA | AL96: FERIADO | AQ96: 46115 | AR96: SEXTA-FEIRA | AS96: FERIADO | AX96: 46114 | AY96: QUINTA-FEIRA | BE96: 46115 | BF96: SEXTA-FEIRA | BG96: FERIADO | BL96: 46115 | BM96: SEXTA-FEIRA | BN96: FERIADO | BS96: 46115 | BT96: SEXTA-FEIRA | BU96: FERIADO | BZ96: 46114 | CA96: QUINTA-FEIRA | CG96: 46115 | CH96: SEXTA-FEIRA | CI96: FERIADO | CN96: 46115 | CO96: SEXTA-FEIRA | CP96: FERIADO | CU96: 46115 | CV96: SEXTA-FEIRA | CW96: FERIADO | DB96: 46113 | DC96: QUARTA-FEIRA | DI96: 46115 | DJ96: SEXTA-FEIRA | DK96: FERIADO | DP96: 46113 | DQ96: QUARTA-FEIRA | DW96: 46115 | DX96: SEXTA-FEIRA | DY96: FERIADO
A97: 46116 | B97: SÁBADO | H97: 46116 | I97: SÁBADO | O97: 46116 | P97: SÁBADO | V97: 46115 | W97: SEXTA-FEIRA | X97: FERIADO | AC97: 46116 | AD97: SÁBADO | AJ97: 46116 | AK97: SÁBADO | AQ97: 46116 | AR97: SÁBADO | AX97: 46115 | AY97: SEXTA-FEIRA | AZ97: FERIADO | BE97: 46116 | BF97: SÁBADO | BL97: 46116 | BM97: SÁBADO | BS97: 46116 | BT97: SÁBADO | BZ97: 46115 | CA97: SEXTA-FEIRA | CB97: FERIADO | CG97: 46116 | CH97: SÁBADO | CN97: 46116 | CO97: SÁBADO | CU97: 46116 | CV97: SÁBADO | DB97: 46114 | DC97: QUINTA-FEIRA | DI97: 46116 | DJ97: SÁBADO | DP97: 46114 | DQ97: QUINTA-FEIRA | DW97: 46116 | DX97: SÁBADO
A98: 46117 | B98: DOMINGO | C98: FERIADO | H98: 46117 | I98: DOMINGO | J98: FERIADO | O98: 46117 | P98: DOMINGO | Q98: FERIADO | V98: 46116 | W98: SÁBADO | AC98: 46117 | AD98: DOMINGO | AE98: FERIADO | AJ98: 46117 | AK98: DOMINGO | AL98: FERIADO | AQ98: 46117 | AR98: DOMINGO | AS98: FERIADO | AX98: 46116 | AY98: SÁBADO | BE98: 46117 | BF98: DOMINGO | BG98: FERIADO | BL98: 46117 | BM98: DOMINGO | BN98: FERIADO | BS98: 46117 | BT98: DOMINGO | BU98: FERIADO | BZ98: 46116 | CA98: SÁBADO | CG98: 46117 | CH98: DOMINGO | CI98: FERIADO | CN98: 46117 | CO98: DOMINGO | CP98: FERIADO | CU98: 46117 | CV98: DOMINGO | CW98: FERIADO | DB98: 46115 | DC98: SEXTA-FEIRA | DD98: FERIADO | DI98: 46117 | DJ98: DOMINGO | DK98: FERIADO | DP98: 46115 | DQ98: SEXTA-FEIRA | DR98: FERIADO | DW98: 46117 | DX98: DOMINGO | DY98: FERIADO
A99: 46118 | B99: SEGUNDA-FEIRA | H99: 46118 | I99: SEGUNDA-FEIRA | O99: 46118 | P99: SEGUNDA-FEIRA | V99: 46117 | W99: DOMINGO | X99: FERIADO | AC99: 46118 | AD99: SEGUNDA-FEIRA | AJ99: 46118 | AK99: SEGUNDA-FEIRA | AQ99: 46118 | AR99: SEGUNDA-FEIRA | AX99: 46117 | AY99: DOMINGO | AZ99: FERIADO | BE99: 46118 | BF99: SEGUNDA-FEIRA | BL99: 46118 | BM99: SEGUNDA-FEIRA | BS99: 46118 | BT99: SEGUNDA-FEIRA | BZ99: 46117 | CA99: DOMINGO | CB99: FERIADO | CG99: 46118 | CH99: SEGUNDA-FEIRA | CN99: 46118 | CO99: SEGUNDA-FEIRA | CU99: 46118 | CV99: SEGUNDA-FEIRA | DB99: 46116 | DC99: SÁBADO | DI99: 46118 | DJ99: SEGUNDA-FEIRA | DP99: 46116 | DQ99: SÁBADO | DW99: 46118 | DX99: SEGUNDA-FEIRA
A100: 46119 | B100: TERÇA-FEIRA | H100: 46119 | I100: TERÇA-FEIRA | O100: 46119 | P100: TERÇA-FEIRA | V100: 46118 | W100: SEGUNDA-FEIRA | AC100: 46119 | AD100: TERÇA-FEIRA | AJ100: 46119 | AK100: TERÇA-FEIRA | AQ100: 46119 | AR100: TERÇA-FEIRA | AX100: 46118 | AY100: SEGUNDA-FEIRA | BE100: 46119 | BF100: TERÇA-FEIRA | BL100: 46119 | BM100: TERÇA-FEIRA | BS100: 46119 | BT100: TERÇA-FEIRA | BZ100: 46118 | CA100: SEGUNDA-FEIRA | CG100: 46119 | CH100: TERÇA-FEIRA | CN100: 46119 | CO100: TERÇA-FEIRA | CU100: 46119 | CV100: TERÇA-FEIRA | DB100: 46117 | DC100: DOMINGO | DD100: FERIADO | DI100: 46119 | DJ100: TERÇA-FEIRA | DP100: 46117 | DQ100: DOMINGO | DR100: FERIADO | DW100: 46119 | DX100: TERÇA-FEIRA
A101: 46120 | B101: QUARTA-FEIRA | H101: 46120 | I101: QUARTA-FEIRA | O101: 46120 | P101: QUARTA-FEIRA | V101: 46119 | W101: TERÇA-FEIRA | AC101: 46120 | AD101: QUARTA-FEIRA | AJ101: 46120 | AK101: QUARTA-FEIRA | AQ101: 46120 | AR101: QUARTA-FEIRA | AX101: 46119 | AY101: TERÇA-FEIRA | BE101: 46120 | BF101: QUARTA-FEIRA | BL101: 46120 | BM101: QUARTA-FEIRA | BS101: 46120 | BT101: QUARTA-FEIRA | BZ101: 46119 | CA101: TERÇA-FEIRA | CG101: 46120 | CH101: QUARTA-FEIRA | CN101: 46120 | CO101: QUARTA-FEIRA | CU101: 46120 | CV101: QUARTA-FEIRA | DB101: 46118 | DC101: SEGUNDA-FEIRA | DI101: 46120 | DJ101: QUARTA-FEIRA | DP101: 46118 | DQ101: SEGUNDA-FEIRA | DW101: 46120 | DX101: QUARTA-FEIRA
...

Sheet PAGAMENTOS
A1: COLABORADOR | C1: CRISTIANO MATIAS DA SILVA | G1: VALOR PAGO (DIÁRIAS + VT + VA) | I1: =SUM(B6:B199) -> 12796 | L1: COLABORADOR | N1: JOSE CARLOS MONTELES CARVALHO | R1: VALOR PAGO (DIÁRIAS + VT + VA) | T1: =SUM(M6:M202) -> 0 | W1: COLABORADOR | Y1: LUCAS HENRIQUE ALBERNAZ | AC1: VALOR PAGO (DIÁRIAS + VT + VA) | AE1: =SUM(X6:X204) -> 6312.6 | AH1: COLABORADOR | AJ1: ROGER ARMANDO SEQUERA RIVAS | AN1: VALOR PAGO (DIÁRIAS + VT + VA) | AP1: =SUM(AI6:AI202) -> 10297 | AS1: COLABORADOR | AU1: VITOR HUGO BRAGA | AY1: VALOR PAGO (DIÁRIAS + VT + VA) | BA1: =SUM(AT6:AT202) -> 13789.5 | BD1: COLABORADOR | BF1: DAVI FERREIRA DA SILVA | BJ1: VALOR PAGO (DIÁRIAS + VT + VA) | BL1: =SUM(BE6:BE199) -> 3571 | BO1: COLABORADOR | BQ1: VINICIUS OLIVEIRA COSTA ROMANO | BU1: VALOR PAGO (DIÁRIAS + VT + VA) | BW1: =SUM(BP6:BP200) -> 6565.5 | BZ1: COLABORADOR | CB1: PEDRO EDNEI BATISTA PEREIRA | CF1: VALOR PAGO (DIÁRIAS + VT + VA) | CH1: =SUM(CA6:CA200) -> 6996 | CK1: COLABORADOR | CM1: MAICON WILLIAN | CQ1: VALOR PAGO (DIÁRIAS + VT + VA) | CS1: =SUM(CL6:CL200) -> 272 | CV1: COLABORADOR | CX1: FABRICIO FERREIRA DA SILVA | DB1: VALOR PAGO (DIÁRIAS + VT + VA) | DD1: =SUM(CW6:CW200) -> 5205.5 | DG1: COLABORADOR | DI1: MURILO CAIQUE DE LIMA CECIM | DM1: VALOR PAGO (DIÁRIAS + VT + VA) | DO1: =SUM(DH6:DH200) -> 1474 | DR1: COLABORADOR | DT1: PAULO CESAR BITENCOURT DE SOUSA | DX1: VALOR PAGO (DIÁRIAS + VT + VA) | DZ1: =SUM(DS6:DS200) -> 7081 | EC1: COLABORADOR | EE1: LEONARDO OLIVEIRA SANTOS | EI1: VALOR PAGO (DIÁRIAS + VT + VA) | EK1: =SUM(ED6:ED200) -> 3774 | EN1: COLABORADOR | EP1: MATHEUS ANTONIO BARBOSA DOS SANTOS | ET1: VALOR PAGO (DIÁRIAS + VT + VA) | EV1: =SUM(EO6:EO200) -> 7581 | EY1: COLABORADOR | FA1: RENAN ANDLER ARAÚJO SIMEÃO | FE1: VALOR PAGO (DIÁRIAS + VT + VA) | FG1: =SUM(EZ6:EZ200) -> 723 | FJ1: COLABORADOR | FL1: MARCOS VINICIUS BARBOSA CARDOSO | FP1: VALOR PAGO (DIÁRIAS + VT + VA) | FR1: =SUM(FK6:FK200) -> 3471 | FU1: COLABORADOR | FW1: JOSUÉ DIAS DE ANDRADE | GA1: VALOR PAGO (DIÁRIAS + VT + VA) | GC1: =SUM(FV6:FV200) -> 2326
A2: CHAVE PIX | C2: 12 99226-3090 | G2: SALDO | I2: =DIÁRIAS!D370-PAGAMENTOS!I1 -> 180 | L2: CHAVE PIX | N2: 6500874374 | R2: SALDO | T2: =DIÁRIAS!R370-PAGAMENTOS!T1 -> 0 | W2: CHAVE PIX | Y2: 12982381942 | AC2: SALDO | AE2: =DIÁRIAS!Y371-PAGAMENTOS!AE1 -> 120 | AH2: CHAVE PIX | AJ2: 710.616.372-47 | AN2: SALDO | AP2: =DIÁRIAS!AF370-PAGAMENTOS!AP1 -> 180 | AS2: CHAVE PIX | AU2: 509.136.448-03 | AY2: SALDO | BA2: =DIÁRIAS!AM370-PAGAMENTOS!BA1 -> 250 | BD2: CHAVE PIX | BF2: 45194923864 | BJ2: SALDO | BL2: =DIÁRIAS!AT370-PAGAMENTOS!BL1 -> -65 | BO2: CHAVE PIX | BQ2: 12974100682 | BU2: SALDO | BW2: =DIÁRIAS!BA371-PAGAMENTOS!BW1 -> 120 | BZ2: CHAVE PIX | CB2: 12 98808-4011 | CF2: SALDO | CH2: =DIÁRIAS!BO370-PAGAMENTOS!CH1 -> 0 | CK2: CHAVE PIX | CQ2: SALDO | CS2: =DIÁRIAS!BV370-PAGAMENTOS!CS1 -> -48 | CV2: CHAVE PIX | DB2: SALDO | DD2: =DIÁRIAS!CC371-PAGAMENTOS!DD1 -> 120 | DG2: CHAVE PIX | DM2: SALDO | DO2: =DIÁRIAS!CJ370-PAGAMENTOS!DO1 -> -13 | DR2: CHAVE PIX | DX2: SALDO | DZ2: =DIÁRIAS!CQ370-PAGAMENTOS!DZ1 -> 180 | EC2: CHAVE PIX | EE2: 57955684818 | EI2: SALDO | EK2: =DIÁRIAS!CX370-PAGAMENTOS!EK1 -> 120 | EN2: CHAVE PIX | EP2: 393.380.918-56 | ET2: SALDO | EV2: =DIÁRIAS!DE372-PAGAMENTOS!EV1 -> 200 | EY2: CHAVE PIX | FE2: SALDO | FG2: =DIÁRIAS!DL370-PAGAMENTOS!FG1 -> 0 | FJ2: CHAVE PIX | FP2: SALDO | FR2: =DIÁRIAS!DS372-PAGAMENTOS!FR1 -> 120 | FU2: CHAVE PIX | FW2: 12 98812-8575 | GA2: SALDO | GC2: =DIÁRIAS!DZ370-PAGAMENTOS!GC1 -> 120
A4: PAGAMENTOS | E4: REEMBOLSOS | L4: PAGAMENTOS | P4: REEMBOLSOS | W4: PAGAMENTOS | AA4: REEMBOLSOS | EXTRAS | AH4: PAGAMENTOS | AL4: REEMBOLSOS | AS4: PAGAMENTOS | AW4: REEMBOLSOS | BD4: PAGAMENTOS | BH4: REEMBOLSOS | BO4: PAGAMENTOS | BS4: REEMBOLSOS | BZ4: PAGAMENTOS | CD4: REEMBOLSOS | CK4: PAGAMENTOS | CO4: REEMBOLSOS | CV4: PAGAMENTOS | CZ4: REEMBOLSOS / EXTRAS | DG4: PAGAMENTOS | DK4: REEMBOLSOS | DR4: PAGAMENTOS | DV4: REEMBOLSOS | EC4: PAGAMENTOS | EG4: REEMBOLSOS / EXTRAS | EN4: PAGAMENTOS | ER4: REEMBOLSOS | EY4: PAGAMENTOS | FC4: REEMBOLSOS | FJ4: PAGAMENTOS | FN4: REEMBOLSOS | FU4: PAGAMENTOS | FY4: REEMBOLSOS
A5: DATA PG | B5: VALOR | C5: DESCRIÇÃO | E5: DATA | F5: VALOR | G5: DESCRIÇÃO | H5: CENTRO DE CUSTO | I5: DATA PG | J5: STATUS | L5: DATA PG | M5: VALOR | N5: DESCRIÇÃO | P5: DATA | Q5: VALOR | R5: DESCRIÇÃO | S5: CENTRO DE CUSTO | T5: DATA PG | U5: STATUS | W5: DATA PG | X5: VALOR | Y5: DESCRIÇÃO | AA5: DATA | AB5: VALOR | AC5: DESCRIÇÃO | AD5: CENTRO DE CUSTO | AE5: DATA PG | AF5: STATUS | AH5: DATA PG | AI5: VALOR | AJ5: DESCRIÇÃO | AL5: DATA | AM5: VALOR | AN5: DESCRIÇÃO | AO5: CENTRO DE CUSTO | AP5: DATA PG | AQ5: STATUS | AS5: DATA PG | AT5: VALOR | AU5: DESCRIÇÃO | AW5: DATA | AX5: VALOR | AY5: DESCRIÇÃO | AZ5: CENTRO DE CUSTO | BA5: DATA PG | BB5: STATUS | BD5: DATA PG | BE5: VALOR | BF5: DESCRIÇÃO | BH5: DATA | BI5: VALOR | BJ5: DESCRIÇÃO | BK5: CENTRO DE CUSTO | BL5: DATA PG | BM5: STATUS | BO5: DATA PG | BP5: VALOR | BQ5: DESCRIÇÃO | BS5: DATA | BT5: VALOR | BU5: DESCRIÇÃO | BV5: CENTRO DE CUSTO | BW5: DATA PG | BX5: STATUS | BZ5: DATA PG | CA5: VALOR | CB5: DESCRIÇÃO | CD5: DATA | CE5: VALOR | CF5: DESCRIÇÃO | CG5: CENTRO DE CUSTO | CH5: DATA PG | CI5: STATUS | CK5: DATA PG | CL5: VALOR | CM5: DESCRIÇÃO | CO5: DATA | CP5: VALOR | CQ5: DESCRIÇÃO | CR5: CENTRO DE CUSTO | CS5: DATA PG | CT5: STATUS | CV5: DATA PG | CW5: VALOR | CX5: DESCRIÇÃO | CZ5: DATA | DA5: VALOR | DB5: DESCRIÇÃO | DC5: CENTRO DE CUSTO | DD5: DATA PG | DE5: STATUS | DG5: DATA PG | DH5: VALOR | DI5: DESCRIÇÃO | DK5: DATA | DL5: VALOR | DM5: DESCRIÇÃO | DN5: CENTRO DE CUSTO | DO5: DATA PG | DP5: STATUS | DR5: DATA PG | DS5: VALOR | DT5: DESCRIÇÃO | DV5: DATA | DW5: VALOR | DX5: DESCRIÇÃO | DY5: CENTRO DE CUSTO | DZ5: DATA PG | EA5: STATUS | EC5: DATA PG | ED5: VALOR | EE5: DESCRIÇÃO | EG5: DATA | EH5: VALOR | EI5: DESCRIÇÃO | EJ5: CENTRO DE CUSTO | EK5: DATA PG | EL5: STATUS | EN5: DATA PG | EO5: VALOR | EP5: DESCRIÇÃO | ER5: DATA | ES5: VALOR | ET5: DESCRIÇÃO | EU5: CENTRO DE CUSTO | EV5: DATA PG | EW5: STATUS | EY5: DATA PG | EZ5: VALOR | FA5: DESCRIÇÃO | FC5: DATA | FD5: VALOR | FE5: DESCRIÇÃO | FF5: CENTRO DE CUSTO | FG5: DATA PG | FH5: STATUS | FJ5: DATA PG | FK5: VALOR | FL5: DESCRIÇÃO | FN5: DATA | FO5: VALOR | FP5: DESCRIÇÃO | FQ5: CENTRO DE CUSTO | FR5: DATA PG | FS5: STATUS | FU5: DATA PG | FV5: VALOR | FW5: DESCRIÇÃO | FY5: DATA | FZ5: VALOR | GA5: DESCRIÇÃO | GB5: CENTRO DE CUSTO | GC5: DATA PG | GD5: STATUS
A6: 46024 | B6: 170 | C6: VT + VA 05.01 a 09.01 | E6: 46024 | F6: 15 | G6: VALE TRANSPORTE | H6: GESPI - REFEITORIO | I6: 46027 | J6: PAGO | W6: 46027 | X6: 120 | Y6: Diária 05.01 | AA6: 46039 | AB6: =63-22.2 -> 40.8 | AC6: UBER | AD6: ESCRITÓRIO | AE6: 46039 | AF6: PAGO | AH6: 46027 | AI6: 180 | AJ6: Diária 05.01 | AL6: 46031 | AM6: 20.95 | AN6: UBER | AO6: ESCRITÓRIO | AP6: 46036 | AQ6: PAGO | AS6: 46027 | AT6: 250 | AU6: DIÁRIA 05.01 | AW6: 46027 | AX6: 19.5 | AY6: UBER | AZ6: GATTAI - ROBSON | BA6: 46027 | BB6: PAGO | BD6: 46024 | BE6: 60 | BF6: VT 05.01 a 09.01 | BH6: 46375 | BI6: 100 | BJ6: BÔNUS TRABALHO NOTURNO | BK6: GESPI - ENGENHARIA | BL6: 46042 | BM6: PAGO | BO6: 46027 | BP6: 120 | BQ6: DIÁRIA 05.01 | BS6: 46027 | BT6: 9.1 | BU6: UBER | BV6: GATTAI - ROBSON | BW6: 46036 | BX6: PAGO | BZ6: 46024 | CA6: 60 | CB6: VT 05.01 a 09.01 | CD6: 46035 | CE6: 250 | CF6: BÔNUS TRABALHO NOTURNO | CG6: GESPI - SALA DE CONTROLE | CH6: 46049 | CI6: PAGO | CK6: 46024 | CL6: 60 | CM6: VT 05.01 a 09.01 | CV6: 46036 | CW6: 60 | CX6: VT 12.01 A 16.01 | CZ6: 46044 | DA6: =100/2 -> 50 | DB6: TRABHALHOU ATÉ 22H | DC6: CLINICA DGM | DD6: 46058 | DE6: PAGO | DG6: 46042 | DH6: 200 | DI6: DIÁRIAS | DR6: 46059 | DS6: 392 | DT6: 3 DIARIAS + 3 VT + 3 CAFÉ | DV6: 46069 | DW6: 15 | DX6: VALE TRANSPORTE | DY6: GESPI - REFEITORIO | DZ6: 46077 | EA6: PAGO | EC6: 46066 | ED6: 63 | EE6: VT 16.02 a 20.02 | EG6: 46082 | EH6: 155 | EI6: DIÁRIA EXTRA | EJ6: GESPI - REFEITORIO | EK6: 46086 | EL6: PAGO | EN6: 46066 | EO6: 63 | EP6: VT 16.02 a 20.02 | ER6: 46075 | ES6: 300 | ET6: DIÁRIA EXTRA | EU6: GESPI - REFEITORIO | EV6: 46086 | EW6: PAGO | EY6: 46066 | EZ6: 63 | FA6: VT 16.02 a 20.02 | FJ6: 46080 | FK6: 65 | FL6: VT | FN6: 46081 | FO6: 120 | FP6: DIÁRIA EXTRA | FQ6: GESPI - REFEITORIO | FR6: 46086 | FS6: PAGO | FU6: 46086 | FV6: 65 | FY6: 46082 | FZ6: 155 | GA6: DIÁRIA EXTRA
A7: 46027 | B7: 608 | C7: DIÁRIAS 02.01 a 05.01 | E7: 46025 | F7: 15 | G7: VALE TRANSPORTE | H7: GESPI - REFEITORIO | I7: 46027 | J7: PAGO | W7: 46036 | X7: 60 | Y7: VT 12.01 a 16.01 | AA7: 46042 | AB7: 50 | AC7: TRABALHOU ATÉ 22H | AD7: CLÍNICA DGM | AE7: 46058 | AF7: PAGO | AH7: 46036 | AI7: 60 | AJ7: VT 12.01 A 16.01 | AL7: 46064 | AM7: =12*20 -> 240 | AN7: DIFERENÇA $ DIÁRIA (12X20) | AO7: GESPI - ENGENHARIA | AP7: 46064 | AQ7: PAGO | AS7: 46036 | AT7: 60 | AU7: VT 12.01 a 16.01 | AW7: 46031 | AX7: 25.16 | AY7: UBER | AZ7: GATTAI - ROBSON | BA7: 46039 | BB7: PAGO | BD7: 46027 | BE7: 212 | BF7: DIÁRIAS 02.01 e 05.01 | BH7: 46064 | BI7: =12*20 -> 240 | BJ7: DIFERENÇA $ DIÁRIAS | BK7: GESPI - ENGENHARIA | BL7: 46064 | BM7: PAGO | BO7: 46036 | BP7: 30 | BQ7: VT 12.01 a 16.01 | BS7: 46031 | BT7: 16.32 | BU7: UBER | BV7: ESCRITÓRIO | BW7: 46036 | BX7: PAGO | BZ7: 46027 | CA7: 324 | CB7: Diárias 02.01 a 05.01 | CK7: 46027 | CL7: 212 | CM7: Diárias 02.10 e 05.01 | CV7: 46039 | CW7: 60 | CX7: VT 19.01 A 23.01 | CZ7: 46064 | DA7: 220 | DB7: DIFERENÇA $ DIÁRIAS | DC7: ANGELA CID | DD7: 46064 | DE7: PAGO | DG7: 46042 | DH7: 60 | DI7: VT 19.01 A 23.01 | DR7: 46059 | DS7: 50 | DT7: CAFÉ 09.02 a 13.02 | DV7: 46070 | DW7: 15 | DX7: VALE TRANSPORTE | DY7: GESPI - REFEITORIO | DZ7: 46077 | EA7: PAGO | EC7: 46071 | ED7: 98 | EE7: SALDO VT + CAFÉ | EN7: 46071 | EO7: 114 | EP7: VT + Café 16.02 a 20.02 | ER7: 46078 | ES7: 100 | ET7: 1/2 DIÁRIA | EU7: CLINICA DGM | EV7: 46086 | EW7: PAGO | EY7: 46071 | EZ7: 10 | FA7: Saldo CAFÉ 16.02 a 20.02 | FJ7: 46084 | FK7: 40 | FL7: CAFÉ | FN7: 46082 | FO7: 155 | FP7: DIÁRIA EXTRA | FQ7: GESPI - REFEITORIO | FR7: 46086 | FS7: PAGO | FU7: 46086 | FV7: 678
A8: 46034 | B8: 170 | C8: VT + VA 12.01 a 16.01 | E8: 46027 | F8: 15 | G8: VALE TRANSPORTE | H8: GESPI - REFEITORIO | I8: 46042 | J8: PAGO | W8: 46039 | X8: =12.6*5 -> 63 | Y8: VT 19.01 A 23.01 | AA8: 46062 | AB8: =12*20 -> 240 | AC8: DIFERENÇA $ DIÁRIA | AD8: ANGELA CID | AE8: 46062 | AF8: PAGO | AH8: 46039 | AI8: 60 | AJ8: VT 19.01 A 23.01 | AS8: 46039 | AT8: 60 | AU8: VT 19.01 A 23.01 | AW8: 46023 | AX8: 100 | AY8: LASER 6/12 | AZ8: ESCRITÓRIO | BA8: 46042 | BB8: PAGO | BD8: 46034 | BE8: 60 | BF8: VT 12.01 A 16.01 | BO8: 46039 | BP8: 60 | BQ8: VT 19.01 A 23.01 | BS8: 46034 | BT8: 16.1 | BU8: UBER | BV8: ESCRITÓRIO | BW8: 46036 | BX8: PAGO | BZ8: 46034 | CA8: 60 | CB8: VT 12.01 a 16.01 | CV8: 46042 | CW8: 476 | CX8: DIÁRIAS 14.01 A 20.01 | CZ8: 46043 | DA8: 50 | DB8: TRABALHOU ATÉ 22H | DC8: CLÍNICA DGM | DD8: 46064 | DE8: PAGO | DG8: 46045 | DH8: 60 | DI8: VT 26.01 a 30.01 | DR8: 46059 | DS8: 63 | DT8: VT 09.02 a 13.02 | DV8: 46071 | DW8: 15 | DX8: VALE TRANSPORTE | DY8: GESPI - REFEITORIO | DZ8: 46077 | EA8: PAGO | EC8: 46073 | ED8: 840 | EE8: DIÁRIAS 06.02 a 20.02 | EN8: 46073 | EO8: 1080 | EP8: DIÁRIAS10.02 a 20.02 | ER8: 46081 | ES8: 200 | ET8: DIÁRIA EXTRA | EU8: GESPI - REFEITORIO | EV8: 46086 | EW8: PAGO | EY8: 46073 | EZ8: 600 | FA8: DIÁRIAS10.02 a 20.02 | FJ8: 46086 | FK8: 1433 | FL8: 11 DIÁRIAS | FN8: 46085 | FO8: 60 | FP8: 1/2 DIÁRIA | FQ8: CLINICA | FR8: 46086 | FS8: PAGO | FU8: 46094 | FV8: 65
A9: 46039 | B9: 170 | C9: VT 12.01 a 16.01 | E9: 46028 | F9: 15 | G9: VALE TRANSPORTE | H9: GESPI - REFEITORIO | I9: 46042 | J9: PAGO | W9: 46042 | X9: 1183 | Y9: DIÁRIAS 06.01 A 20.01 | AH9: 46042 | AI9: 1840 | AJ9: DIÁRIAS 06.01 A 20.01 | AS9: 46042 | AT9: 2488 | AU9: DIÁRIAS 06.01 A 20.01 | AW9: 46035 | AX9: 375 | AY9: BÔNUS TRABALHO NOTURNO | AZ9: GESPI - SALA DE CONTROLE | BA9: 46052 | BB9: PAGO | BD9: 46036 | BE9: 75 | BF9: VALE DIÁRIAS | BO9: 46042 | BP9: 1180 | BQ9: DIÁRIAS 06.01 A 20.01 | BS9: 46034 | BT9: 11.92 | BU9: UBER | BV9: ESCRITÓRIO | BW9: 46036 | BX9: PAGO | BZ9: 46039 | CA9: 60 | CB9: VT 19.01 a 23.01 | CV9: 46045 | CW9: 60 | CX9: VT 26.01 a 30.01 | CZ9: 46045 | DA9: 50 | DB9: TRABALHOU ATÉ 22H | DC9: CLÍNICA DGM | DD9: 46064 | DE9: PAGO | DG9: 46052 | DH9: 60 | DI9: VT 02.02 a 06.02 | DR9: 46066 | DS9: 63 | DT9: VT 16.02 a 20.02 | DV9: 46072 | DW9: 15 | DX9: VALE TRANSPORTE | DY9: GESPI - REFEITORIO | DZ9: 46077 | EA9: PAGO | EC9: 46073 | ED9: 50 | EE9: CAFÉ 23.02 a 27.02 | EN9: 46073 | EO9: 115 | EP9: VT + CAFÉ 24.02 a 27.02 | ER9: 46085 | ES9: 100 | ET9: 1/2 DIÁRIA | EU9: CLINICA DGM | EV9: 46086 | EW9: PAGO | EY9: 46073 | EZ9: 50 | FA9: VT + CAFÉ 24.02 a 27.02 | FJ9: 46094 | FK9: 65 | FN9: 46101 | FO9: =4*60 -> 240 | FP9: LIMPEZA CLINICA | FQ9: CLINICA | FR9: 46101 | FU9: 46101 | FV9: 65 | FW9: VT
A10: 46042 | B10: 1766 | C10: DIÁRIAS 06.01 a 20.01 | E10: 46029 | F10: 15 | G10: VALE TRANSPORTE | H10: GESPI - REFEITORIO | I10: 46042 | J10: PAGO | W10: 46045 | X10: 63 | Y10: VT + VA 26.01 a 30.01 | AH10: 46045 | AI10: 60 | AJ10: VT + VA 26.01 a 30.01 | AS10: 46052 | AT10: 250 | AU10: DIÁRIA 13.01 | AW10: 46042 | AX10: =250/2 -> 125 | AY10: TRABALHOU ATÉ 22H | AZ10: CLÍNICA DGM | BA10: 46058 | BB10: PAGO | BD10: 46039 | BE10: 60 | BF10: VT 19.01 A 23.01 | BO10: 46045 | BP10: 60 | BQ10: VT 26.01 a 30.01 | BS10: 46035 | BT10: 17.85 | BU10: UBER | BV10: ESCRITÓRIO | BW10: 46036 | BX10: PAGO | BZ10: 46042 | CA10: 988 | CB10: DIÁRIAS 06.01 A 20.01 | CV10: 46052 | CW10: 60 | CX10: VT 02.02 a 06.02 | CZ10: 46078 | DA10: 60 | DB10: 1/2 DIÁRIA | DC10: CLINICA DGM | DD10: 46086 | DE10: PAGO | DG10: 46058 | DH10: 1094 | DI10: DIÁRIAS 21.01 a 05.02 | DR10: 46064 | DS10: 60 | DT10: DIFERENCA DIARIAS | DV10: 46073 | DW10: 15 | DX10: VALE TRANSPORTE | DY10: GESPI - REFEITORIO | DZ10: 46077 | EA10: PAGO | EC10: 46084 | ED10: 40 | EE10: CAFÉ 23.02 a 27.02 | EN10: 46077 | EO10: 720 | EP10: SALDO DIÁRIAS | FJ10: 46098 | FK10: 50 | FU10: 46101 | FV10: 1453 | FW10: 12 DIÁRIAS
A11: 46045 | B11: 170 | C11: VT + VA 26.01 a 30.01 | E11: 46031 | F11: 15 | G11: VALE TRANSPORTE | H11: GESPI - SALA DE CONTROLE | I11: 46042 | J11: PAGO | W11: 46052 | X11: 63 | Y11: VT + VA 02.02 a 06.02 | AH11: 46052 | AI11: 60 | AJ11: VT + VA 02.02 a 06.02 | AS11: 46045 | AT11: 60 | AU11: VT 26.01 a 30.01 | AW11: 46043 | AX11: =250/2 -> 125 | AY11: TRABALHOU ATÉ 22H | AZ11: CLÍNICA DGM | BA11: 46058 | BB11: PAGO | BD11: 46042 | BE11: 913 | BF11: DIÁRIAS 06.01 A 20.01 | BO11: 46052 | BP11: 60 | BQ11: VT 02.02 a 06.02 | BS11: 46036 | BT11: 9 | BU11: UBER | BV11: ESCRITÓRIO | BW11: 46036 | BX11: PAGO | BZ11: 46045 | CA11: 60 | CB11: VT 26.01 a 30.01 | CV11: 46058 | CW11: 1088.5 | CX11: DIÁRIAS 21.01 a 05.02 | DR11: 46073 | DS11: 1867 | DT11: DIÁRIAS 06.02 a 20.02 | DV11: 46076 | DW11: 15 | DX11: VALE TRANSPORTE | DY11: GESPI - REFEITORIO | DZ11: 46077 | EA11: PAGO | EC11: 46086 | ED11: 50 | EE11: CAFÉ 09.03 a 13.03 | EN11: 46080 | EO11: 65 | EP11: VT | FJ11: 46101 | FK11: 1703
A12: 46052 | B12: 170 | C12: VT + VA 02.02 a 06.02 | E12: 46035 | F12: 15 | G12: VALE TRANSPORTE | H12: GESPI - REFEITORIO | I12: 46042 | J12: PAGO | W12: 46057 | X12: 40 | Y12: CAFÉ 02.02 a 06.02 | AH12: 46058 | AI12: 1927 | AJ12: DIÁRIAS 21.01 a 06.02 | AS12: 46052 | AT12: 60 | AU12: VT 02.02 a 06.02 | AW12: 46044 | AX12: =250/2 -> 125 | AY12: TRABALHOU ATÉ 22H | AZ12: CLÍNICA DGM | BA12: 46058 | BB12: PAGO | BD12: 46045 | BE12: 60 | BF12: VT 26.01 a 30.01 | BO12: 46057 | BP12: 6 | BQ12: SALDO CAFÉ | BS12: 46058 | BT12: =10*20 -> 200 | BU12: DIFERENÇA $ DIÁRIA | BV12: ANGELA CID | BW12: 46062 | BX12: PAGO | BZ12: 46052 | CA12: 60 | CB12: VT 02.02 a 06.02 | CV12: 46059 | CW12: 50 | CX12: CAFÉ 09.02 a 13.02 | DR12: 46073 | DS12: 65 | DT12: VT 23.02 a 27.02 | DV12: 46077 | DW12: 15 | DX12: VALE TRANSPORTE | DY12: GESPI - REFEITORIO | DZ12: 46077 | EA12: PAGO | EC12: 46086 | ED12: 1213 | EE12: 11 DIÁRIAS | EN12: 46084 | EO12: 40 | FJ12: 46101 | FK12: 65
A13: 46057 | B13: 68 | C13: VT + VA 31.01 e 01.02 | E13: 46036 | F13: 15 | G13: VALE TRANSPORTE | H13: GESPI - REFEITORIO | I13: 46042 | J13: PAGO | W13: 46058 | X13: 1200 | Y13: DIÁRIAS 21.01 a 06.02 | AH13: 46059 | AI13: 63 | AJ13: VT 09.02 a 13.02 | AS13: 46058 | AT13: 2988.5 | AU13: DIÁRIAS 21.01 a 05.01 | AW13: 46045 | AX13: =250/2 -> 125 | AY13: TRABALHOU ATÉ 22H | AZ13: CLÍNICA DGM | BA13: 46062 | BB13: PAGO | BD13: 46052 | BE13: 60 | BF13: VT 02.02 a 06.02 | BO13: 46058 | BP13: 978 | BQ13: DIÁRIAS 21.01 a 05.02 | BT13: 100 | BU13: BONUS | BV13: GESPI - REFEITORIO | BW13: 46101 | BX13: PAGO | BZ13: 46057 | CA13: 26 | CB13: VT 31.01 e 01.02 | CV13: 46066 | CW13: 60 | CX13: VT 16.02 a 20.02 | DR13: 46080 | DS13: 65 | DT13: VT 02.03 a 06.03 | DV13: 46078 | DW13: 15 | DX13: VALE TRANSPORTE | DY13: GESPI - REFEITORIO | DZ13: 46077 | EA13: PAGO | EC13: 46098 | ED13: 50 | EE13: CAFÉ | EN13: 46086 | EO13: 65 | EP13: VT 09.03 a 13.03 | FJ13: 46101 | FK13: 50
A14: 46058 | B14: 2520 | C14: DIÁRIAS 21.01 a 05.02 | E14: 46037 | F14: 15 | G14: VALE TRANSPORTE | H14: GESPI - REFEITORIO | I14: 46042 | J14: PAGO | W14: 46059 | X14: 63 | Y14: VT 09.02 a 13.02 | AH14: 46066 | AI14: 63 | AJ14: VT 16.02 a 20.02 | AS14: 46059 | AT14: 60 | AU14: CAFÉ 09.02 a 13.02 | AW14: 46023 | AX14: 100 | AY14: LASER 7/12 | AZ14: ESCRITÓRIO | BA14: 46073 | BB14: PAGO | BD14: 46058 | BE14: 1208 | BF14: DIÁRIAS 21.01 a 05.02 | BO14: 46062 | BP14: 63 | BQ14: VT 09.02 a 13.02 | BS14: 46101 | BT14: 50 | BU14: LIMPEZA CARRO | BV14: ESCRITÓRIO | BW14: 46101 | BX14: PAGO | BZ14: 46058 | CA14: 1183 | CB14: DIÁRIAS 21.01 a 05.02 | CV14: 46073 | CW14: 781 | CX14: DIÁRIAS 06.02 a 20.02 | DR14: 46080 | DS14: 26 | DT14: VT 21.02 e 22.02 | DV14: 46079 | DW14: 15 | DX14: VALE TRANSPORTE | DY14: GESPI - REFEITORIO | DZ14: 46077 | EA14: PAGO | EC14: 46101 | ED14: 50 | EE14: CAFÉ | EN14: 46086 | EO14: 50 | EP14: CAFÉ 09.03 a 13.03
A15: 46059 | B15: 170 | C15: VT + VA 09.02 a 13.02 | E15: 46038 | F15: 15 | G15: VALE TRANSPORTE | H15: GESPI - REFEITORIO | I15: 46042 | J15: PAGO | W15: 46059 | X15: 50 | Y15: CAFÉ 09.02 a 13.02 | AH15: 46073 | AI15: 1984 | AJ15: DIÁRIAS 06.02 a 20.02 | AS15: 46071 | AT15: 30 | AU15: CAFÉ 18.02 a 20.02 | AW15: 46023 | AX15: 100 | AY15: LASER 8/12 | AZ15: ESCRITÓRIO | BA15: 46101 | BB15: PAGO | BD15: 46059 | BE15: 63 | BF15: VT 09.02 a 13.02 | BO15: 46059 | BP15: 50 | BQ15: CAFÉ 09.02 a 13.02 | BZ15: 46059 | CA15: 63 | CB15: VT 09.02 a 13.02 | CV15: 46073 | CW15: 50 | CX15: CAFÉ 24.02 a 27.02 | DR15: 46080 | DS15: 148 | DT15: Diária + Transporte 10.02 | DV15: 46080 | DW15: 15 | DX15: VALE TRANSPORTE | DY15: GESPI - REFEITORIO | DZ15: 46077 | EA15: PAGO | EC15: 46101 | ED15: 1320 | EE15: 11 DIÁRIAS | EN15: 46086 | EO15: 2400 | EP15: 13 DIÁRIAS
A16: 46066 | B16: 170 | C16: VT + VA 16.02 a 20.02 | E16: 46041 | F16: 15 | G16: VALE TRANSPORTE | H16: GESPI - REFEITORIO | I16: 46042 | J16: PAGO | W16: 46066 | X16: 63 | Y16: VT 16.02 a 20.02 | AH16: 46073 | AI16: 65 | AJ16: VT 24.02 a 27.02 | AS16: 46073 | AT16: 2243 | AU16: DIÁRIAS 06.02 a 20.02 | AW16: 46023 | AX16: 100 | AY16: LASER 9/12 | AZ16: ESCRITÓRIO | BA16: 46132 | BB16: EM ABERTO | BD16: 46066 | BE16: 63 | BF16: VT 16.02 a 20.02 | BO16: 46071 | BP16: 20 | BQ16: CAFÉ 18.02 a 20.02 | BZ16: 46066 | CA16: 63 | CB16: VT 16.02 a 20.02 | CV16: 46084 | CW16: 40 | CX16: CAFÉ 03.03 a 06.03 | DR16: 46086 | DS16: 1980 | DT16: 11 DIÁRIAS | DV16: 46074 | DW16: 15 | DX16: VALE TRANSPORTE | DY16: GESPI - REFEITORIO | DZ16: 46080 | EA16: PAGO | EN16: 46086 | EO16: 39 | EP16: VT 22.02, 28.02 e 01.03
A17: 46073 | B17: 2408 | C17: DIÁRIAS 06.02 a 20.02 | E17: 46042 | F17: 15 | G17: VALE TRANSPORTE | H17: GESPI - REFEITORIO | I17: 46042 | J17: PAGO | W17: 46073 | X17: =882.2+120 -> 1002.2 | Y17: DIÁRIAS 06.02 a 20.02 | AH17: 46077 | AI17: 95 | AJ17: VA 23.02 a 27.02 | AS17: 46073 | AT17: 50 | AU17: CAFÉ 24.02 a 27.02 | AW17: 46023 | AX17: 100 | AY17: LASER 10/12 | AZ17: ESCRITÓRIO | BA17: 46162 | BB17: EM ABERTO | BD17: 46073 | BE17: 672 | BF17: DIÁRIAS 06.02 a 20.02 | BO17: 46073 | BP17: 958.5 | BQ17: DIÁRIAS 06.02 a 20.02 | BZ17: 46073 | CA17: 1590 | CB17: DIÁRIAS 06.02 a 20.02 | CV17: 46086 | CW17: 50 | CX17: CAFÉ 09.03 a 13.03 | DR17: 46086 | DS17: 65 | DT17: VT 09.03 A 13.03 | DV17: 46075 | DW17: 15 | DX17: VALE TRANSPORTE | DY17: GESPI - REFEITORIO | DZ17: 46080 | EA17: PAGO | EN17: 46094 | EO17: 65 | EP17: VT
A18: 46073 | B18: 170 | C18: VT 23.02 A 27.02 | E18: 46375 | F18: 180 | G18: BÔNUS TRABALHO NOTURNO | H18: GESPI - ENGENHARIA | I18: 46042 | J18: PAGO | W18: 46073 | X18: 63 | Y18: VT 24.02 a 27.02 | AH18: 46080 | AI18: 95 | AJ18: VA 02.03 a 06.03 | AS18: 46084 | AT18: 40 | AU18: CAFÉ | AW18: 46023 | AX18: 100 | AY18: LASER 11/12 | AZ18: ESCRITÓRIO | BA18: 46193 | BB18: EM ABERTO | BD18: 46073 | BE18: 65 | BF18: VT 24.02 a 27.02 | BO18: 46073 | BP18: 50 | BQ18: CAFÉ 24.02 a 27.02 | BZ18: 46073 | CA18: 65 | CB18: VT 24.02 a 27.02 | CV18: 46086 | CW18: 950 | CX18: 8 DIÁRIAS | DR18: 46087 | DS18: 140 | DT18: SALDO DIÁRIAS | DV18: 46076 | DW18: 15 | DX18: VALE TRANSPORTE | DY18: GESPI - REFEITORIO | DZ18: 46080 | EA18: PAGO | EN18: 46098 | EO18: 50 | EP18: CAFÉ
A19: 46080 | B19: 170 | C19: VT 02.03 A 06.03 | E19: 46043 | F19: 15 | G19: VALE TRANSPORTE | H19: GESPI - REFEITORIO | I19: 46057 | J19: PAGO | W19: 46080 | X19: 63 | AH19: 46084 | AI19: 40 | AJ19: CAFÉ 03.03 a 06.03 | AS19: 46086 | AT19: 2250 | AU19: 9 DIÁRIAS | AW19: 46023 | AX19: 100 | AY19: LASER 12/12 | AZ19: ESCRITÓRIO | BA19: 46223 | BB19: EM ABERTO | BO19: 46084 | BP19: 40 | BQ19: CAFÉ | BZ19: 46080 | CA19: 65 | CB19: VT 02.03 a 06.03 | CV19: 46094 | CW19: 65 | CX19: VT (ABATIDO) | DR19: 46094 | DS19: 65 | DT19: VT | DV19: 46077 | DW19: 15 | DX19: VALE TRANSPORTE | DY19: GESPI - REFEITORIO | DZ19: 46080 | EA19: PAGO | EN19: 46101 | EO19: 50 | EP19: CAFÉ
A20: 46086 | B20: 1620 | C20: 9 DIÁRIAS | E20: 46044 | F20: 15 | G20: VALE TRANSPORTE | H20: GESPI - REFEITORIO | I20: 46057 | J20: PAGO | W20: 46086 | X20: 972.6 | Y20: 8 DIÁRIAS | AH20: 46086 | AI20: 1620 | AJ20: 9 DIÁRIAS | AS20: 46086 | AT20: 50 | AU20: CAFÉ 09.03 A 13.03 | BO20: 46086 | BP20: 1320 | BQ20: 11 DIÁRIAS | BZ20: 46086 | CA20: =960-13 -> 947 | CB20: 8 DÁRIAS | CV20: 46098 | CW20: 50 | CX20: CAFÉ | DR20: 46101 | DS20: 65 | DT20: VT | DV20: 46078 | DW20: 15 | DX20: VALE TRANSPORTE | DY20: GESPI - REFEITORIO | DZ20: 46080 | EA20: PAGO | EN20: 46101 | EO20: 65 | EP20: VT
A21: 46086 | B21: 170 | C21: VT + VA 09.03 a 13.03 | E21: 46045 | F21: 15 | G21: VALE TRANSPORTE | H21: GESPI - REFEITORIO | I21: 46057 | J21: PAGO | W21: 46086 | X21: 63 | Y21: VT 09.03 a 13.03 | AH21: 46086 | AI21: 5 | AJ21: SALDO CAFÉ | AS21: 46098 | AT21: 50 | AU21: CAFÉ | BO21: 46086 | BP21: 26 | BQ21: VT 21.02 E 22.02 | BZ21: 46086 | CA21: 65 | CB21: VT 09.03 a 13.03 | CV21: 46101 | CW21: 50 | CX21: CAFÉ | DR21: 46101 | DS21: 1967 | DT21: 11 DIÁRIAS | DV21: 46079 | DW21: 15 | DX21: VALE TRANSPORTE | DY21: GESPI - REFEITORIO | DZ21: 46080 | EA21: PAGO | EN21: 46101 | EO21: 2600 | EP21: 13 DIÁRIAS
A22: 46094 | B22: 170 | C22: VT | E22: 46048 | F22: 15 | G22: VALE TRANSPORTE | H22: GESPI - REFEITORIO | I22: 46057 | J22: PAGO | W22: 46094 | X22: 63 | AH22: 46098 | AI22: 50 | AJ22: CAFÉ | AS22: 46101 | AT22: 50 | AU22: CAFÉ | BO22: 46086 | BP22: 50 | BQ22: CAFÉ 09.03 A 13.03 | BZ22: 46094 | CA22: 65 | CB22: VT | CV22: 46101 | CW22: 1255 | CX22: 11 DIÁRIAS | DV22: 46080 | DW22: 15 | DX22: VALE TRANSPORTE | DY22: GESPI - REFEITORIO | DZ22: 46080 | EA22: PAGO
A23: 46101 | B23: 170 | C23: VT | E23: 46049 | F23: 15 | G23: VALE TRANSPORTE | H23: GESPI - REFEITORIO | I23: 46057 | J23: PAGO | W23: 46101 | X23: 63 | AH23: 46101 | AI23: 50 | AJ23: CAFÉ | AS23: 46101 | AT23: 2750 | AU23: 11 DIÁRIAS | BO23: 46087 | BP23: 74 | BQ23: SALDO 21.02 E 22.02 | BZ23: 46101 | CA23: 1187 | CB23: 10 DIÁRIAS | DV23: 46083 | DW23: 15 | DX23: VALE TRANSPORTE | DY23: GESPI - REFEITORIO | DZ23: 46086 | EA23: PAGO
A24: 46101 | B24: 1766 | C24: 10 DIÁRIAS | E24: 46050 | F24: 15 | G24: VALE TRANSPORTE | H24: GESPI - REFEITORIO | I24: 46057 | J24: PAGO | W24: 46101 | X24: 1054.8 | Y24: 9 DIÁRIAS | AH24: 46101 | AI24: 1980 | AJ24: 11 DIÁRIAS | BO24: 46098 | BP24: 50 | BQ24: CAFÉ | BZ24: 46101 | CA24: 65 | CB24: VT | DV24: 46084 | DW24: 15 | DX24: VALE TRANSPORTE | DY24: GESPI - REFEITORIO | DZ24: 46086 | EA24: PAGO
E25: 46051 | F25: 15 | G25: VALE TRANSPORTE | H25: GESPI - REFEITORIO | I25: 46057 | J25: PAGO | BO25: 46101 | BP25: 50 | BQ25: CAFÉ | DV25: 46085 | DW25: 15 | DX25: VALE TRANSPORTE | DY25: GESPI - REFEITORIO | DZ25: 46086 | EA25: PAGO
E26: 46052 | F26: 15 | G26: VALE TRANSPORTE | H26: GESPI - REFEITORIO | I26: 46057 | J26: PAGO | BO26: 46101 | BP26: 1320 | BQ26: 11 DIÁRIAS | DV26: 46086 | DW26: 15 | DX26: VALE TRANSPORTE | DY26: GESPI - REFEITORIO | DZ26: 46086 | EA26: PAGO
E27: 46053 | F27: 15 | G27: VALE TRANSPORTE | H27: GESPI - REFEITORIO | I27: 46057 | J27: PAGO | DV27: 46087 | DW27: 15 | DX27: VALE TRANSPORTE | DY27: GESPI - REFEITORIO | DZ27: 46086 | EA27: PAGO
E28: 46054 | F28: 15 | G28: VALE TRANSPORTE | H28: GESPI - REFEITORIO | I28: 46057 | J28: PAGO | DV28: 46088 | DW28: 15 | DX28: VALE TRANSPORTE | DY28: GESPI - REFEITORIO | DZ28: 46094 | EA28: PAGO
E29: 46055 | F29: 15 | G29: VALE TRANSPORTE | H29: GESPI - REFEITORIO | I29: 46058 | J29: PAGO | DV29: 46090 | DW29: 15 | DX29: VALE TRANSPORTE | DY29: GESPI - REFEITORIO | DZ29: 46094 | EA29: PAGO
E30: 46056 | F30: 15 | G30: VALE TRANSPORTE | H30: GESPI - REFEITORIO | I30: 46058 | J30: PAGO | DV30: 46091 | DW30: 15 | DX30: VALE TRANSPORTE | DY30: GESPI - REFEITORIO | DZ30: 46094 | EA30: PAGO
E31: 46057 | F31: 15 | G31: VALE TRANSPORTE | H31: GESPI - REFEITORIO | I31: 46058 | J31: PAGO | DV31: 46092 | DW31: 15 | DX31: VALE TRANSPORTE | DY31: GESPI - REFEITORIO | DZ31: 46094 | EA31: PAGO
E32: 46058 | F32: 15 | G32: VALE TRANSPORTE | H32: GESPI - REFEITORIO | I32: 46058 | J32: PAGO | DV32: 46093 | DW32: 15 | DX32: VALE TRANSPORTE | DY32: GESPI - REFEITORIO | DZ32: 46094 | EA32: PAGO
E33: 46059 | F33: 15 | G33: VALE TRANSPORTE | H33: GESPI - REFEITORIO | I33: 46073 | J33: PAGO | DV33: 46094 | DW33: 15 | DX33: VALE TRANSPORTE | DY33: GESPI - REFEITORIO | DZ33: 46094 | EA33: PAGO
E34: 46060 | F34: 15 | G34: VALE TRANSPORTE | H34: GESPI - REFEITORIO | I34: 46073 | J34: PAGO | DV34: 46097 | DW34: 15 | DX34: VALE TRANSPORTE | DY34: GESPI - REFEITORIO | DZ34: 46101 | EA34: PROGRAMADO
E35: 46062 | F35: 15 | G35: VALE TRANSPORTE | H35: GESPI - REFEITORIO | I35: 46073 | J35: PAGO | DV35: 46098 | DW35: 15 | DX35: VALE TRANSPORTE | DY35: GESPI - REFEITORIO | DZ35: 46101 | EA35: PROGRAMADO
E36: 46063 | F36: 15 | G36: VALE TRANSPORTE | H36: GESPI - REFEITORIO | I36: 46073 | J36: PAGO | DV36: 46099 | DW36: 15 | DX36: VALE TRANSPORTE | DY36: GESPI - REFEITORIO | DZ36: 46101 | EA36: PROGRAMADO
E37: 46064 | F37: 15 | G37: VALE TRANSPORTE | H37: GESPI - REFEITORIO | I37: 46073 | J37: PAGO
E38: 46065 | F38: 15 | G38: VALE TRANSPORTE | H38: GESPI - REFEITORIO | I38: 46073 | J38: PAGO
E39: 46066 | F39: 15 | G39: VALE TRANSPORTE | H39: GESPI - REFEITORIO | I39: 46073 | J39: PAGO
E40: 46067 | F40: 15 | G40: VALE TRANSPORTE | H40: GESPI - REFEITORIO | I40: 46073 | J40: PAGO
E41: 46069 | F41: 15 | G41: VALE TRANSPORTE | H41: GESPI - REFEITORIO | I41: 46073 | J41: PAGO
E42: 46070 | F42: 15 | G42: VALE TRANSPORTE | H42: GESPI - REFEITORIO | I42: 46073 | J42: PAGO
E43: 46071 | F43: 15 | G43: VALE TRANSPORTE | H43: GESPI - REFEITORIO | I43: 46073 | J43: PAGO
E44: 46072 | F44: 15 | G44: VALE TRANSPORTE | H44: GESPI - REFEITORIO | I44: 46073 | J44: PAGO
E45: 46073 | F45: 15 | G45: VALE TRANSPORTE | H45: GESPI - REFEITORIO | I45: 46073 | J45: PAGO

Sheet RESUMO
A1: SALDOS EM ABERTO | B1: =PAGAMENTOS!I2+PAGAMENTOS!#REF!+PAGAMENTOS!#REF!+PAGAMENTOS!T2+PAGAMENTOS!AE2+PAGAMENTOS!#REF!+PAGAMENTOS!AP2+PAGAMENTOS!#REF!+PAGAMENTOS!BA2 -> #REF!
A3: VALOR POR CENTRO DE CUSTO
A4: CENTRO DE CUSTO | C4: $ DIÁRIAS | D4: $ VT | E4: $ VA | F4: $ REEMBOLSO | G4: $ TOTAL
A5: ANGELA CID
A6: CHALÉS - STO ANTONIO
A7: DONA GILDA
A8: FAZ BARRO BRANCO
A9: GATTAI - ROBSON
A10: GESPI - FINANC E SUP
A11: GESPI - TAMOIOS
A12: GESPI - VILA NAIR
A13: LARISSA BERLATO
A14: STEEL HOME
A15: VEREDA

Sheet CENTRO DE CUSTOS
A1: CUSTO POR OBRA | H1: RESUMO
A2: COLABORADOR | B2: DATA PG | C2: OBRA | D2: VALOR | E2: DESCRIÇÃO | F2: STATUS | H2: OBRA | I2: PAGO | J2: EM ABERTO | K2: PROGRAMADO
H3: ANGELA CID
H4: CHALÉS - STO ANTONIO
H5: DONA GILDA
H6: ESCRITÓRIO
H7: FAZ BARRO BRANCO
H8: GATTAI - ROBSON
H9: GESPI - FINANC E SUP
H10: GESPI - ENGENHARIA
H11: GESPI - TAMOIOS
H12: GESPI - VILA NAIR
H13: LARISSA BERLATO
H14: STEEL HOME
H15: VEREDA

Sheet Lista
A1: STATUS | C1: CENTRO DE CUSTO | E1: COLABORADOR
A2: PAGO | C2: ANGELA CID | E2: CRISTIANO MATIAS
A3: PROGRAMADO | C3: CHALÉS - STO ANTONIO | E3: DAVI FERREIRA DA SILVA
A4: EM ABERTO | C4: CLÍNICA DGM | E4: EDNILSON BERNARDO
C5: DONA GILDA | E5: JOSE CARLOS MONTELES
C6: ESCRITÓRIO | E6: JOSÉ LUCAS DA SILVA GUEDES
C7: FAZ BARRO BRANCO | E7: LUCAS HERNIQUE ALBERNAZ
C8: FERIADO | E8: ROGER ARMANDO
C9: GATTAI - ROBSON | E9: VITOR HUGO BRAGA
C10: GESPI - FINANC E SUP
C11: GESPI - ENGENHARIA
C12: GESPI - REFEITORIO
C13: GESPI - TAMOIOS
C14: GESPI - VILA NAIR
C15: GESPI - SALA DE CONTROLE
C16: LARISSA BERLATO
C17: RAFAEL - URBANOVA
C18: STEEL HOME
C19: VEREDA
C20: FALTOU
C21: DESCANSO
... C23: ATESTADO
